name,CMC,Type,Color,Set,Collector Number,Rarity,Color Category,status,Finish,board,maybeboard,image URL,image Back URL,tags,Notes,MTGO ID,Custom,Voucher,Artist
"_____ Goblin",3,"Creature - Goblin Guest",R,"unf","107",common,Red,Owned,Non-foil,mainboard,false,,,"","",-1,false,false,"Chuck Lukacs"
"Abeyance",2,"Instant",W,"wth","1",rare,null,Owned,Non-foil,mainboard,false,,,"","",9353,false,false,"Thomas Gianni"
"Abrade",2,"Instant",R,"soa","102",common,Red,Owned,Non-foil,mainboard,false,,,"","",148511,false,false,"Hagiya Kaoru"
"Ad Nauseam",5,"Instant",B,"soa","90",rare,Black,Owned,Non-foil,mainboard,false,,,"","",148487,false,false,"Sawaki Takeyasu"
"Aftermath Analyst",2,"Creature - Elf Detective",G,"mkm","148",uncommon,Green,Owned,Non-foil,mainboard,false,,,"","",121772,false,false,"Danny Schwartz"
"Agate Instigator",2,"Creature - Lizard Rogue",R,"blc","21",rare,Red,Owned,Non-foil,mainboard,false,,,"","",128941,false,false,"Quintin Gleim"
"Agatha's Soul Cauldron",2,"Legendary Artifact",,"woe","242",mythic,Colorless,Proxied,Non-foil,mainboard,false,,,"","",116872,false,false,"Jason A. Engle"
"Agent of Acquisitions",2,"Artifact Creature - Construct",,"cns","54",uncommon,Colorless,Owned,Non-foil,mainboard,false,,,"","",-1,false,false,"Eytan Zana"
"Aggravated Assault",3,"Enchantment",R,"wot","39",rare,Red,Owned,Non-foil,mainboard,false,,,"","",115902,false,false,"Maihope"
"Akroma, Vision of Ixidor",7,"Legendary Creature - Angel",W,"cmr","2",mythic,null,Owned,Non-foil,mainboard,false,,,"","",84786,false,false,"Chris Rahn"
"Akroma's Will",4,"Instant",W,"cmr","3",rare,White,Owned,Non-foil,mainboard,false,,,"","",84788,false,false,"Antonio José Manzanedo"
"Altar of Dementia",2,"Artifact",,"brr","3",mythic,Colorless,Owned,Non-foil,mainboard,false,,,"","",104424,false,false,"Brom"
"An Offer You Can't Refuse",1,"Instant",U,"snc","51",uncommon,Blue,Owned,Non-foil,mainboard,false,,,"","",98321,false,false,"Dallas Williams"
"Ancient Tomb",0,"Land",,"uma","236",uncommon,Lands,Proxied,Non-foil,mainboard,false,,,"","",70055,false,false,"Yeong-Hao Han"
"Angel's Grace",1,"Instant",W,"soa","67",rare,White,Owned,Non-foil,mainboard,false,,,"","",148441,false,false,"TAKUMI"
"Anger",4,"Creature - Incarnation",R,"m3c","208",uncommon,Red,Owned,Non-foil,mainboard,false,,,"","",126957,false,false,"Svetlin Velinov"
"Animar, Soul of Elements",3,"Legendary Creature - Elemental",GRU,"2x2","171",mythic,Multicolored,Owned,Non-foil,mainboard,false,,,"","",101826,false,false,"Filip Burburan"
"Animate Dead",2,"Enchantment - Aura",B,"5ed","140",uncommon,Black,Owned,Non-foil,mainboard,false,,,"","",-1,false,false,"Anson Maddocks"
"Animate Spell",1,"Enchantment - Aura",U,"cmb2","16",rare,null,Owned,Non-foil,mainboard,false,,,"","",-1,false,false,"Alli Steele"
"Apex Devastator",10,"Creature - Chimera Hydra",G,"cmr","217",mythic,Green,Owned,Non-foil,mainboard,false,,,"","",85216,false,false,"Svetlin Velinov"
"Appa, Steadfast Guardian",4,"Legendary Creature - Bison Ally",W,"tla","10",mythic,null,Owned,Non-foil,mainboard,false,,,"","",144496,false,false,"Maël Ollivier-Henry"
"Approach of the Second Sun",7,"Sorcery",W,"sta","64",rare,White,Owned,Non-foil,mainboard,false,,,"","",99527,false,false,"Nagano"
"Arcane Savant",5,"Creature - Human Wizard",U,"cn2","27",rare,Blue,Owned,Non-foil,mainboard,false,,,"","",-1,false,false,"Chris Rallis"
"Archon of Emeria",3,"Creature - Archon",W,"znr","4",rare,White,Owned,Non-foil,mainboard,false,,,"","",82943,false,false,"Ryan Pancoast"
"Armageddon",4,"Sorcery",W,"soa","68",rare,White,Owned,Non-foil,mainboard,false,,,"","",148443,false,false,"Amayagido"
"Armix, Filigree Thrasher",3,"Legendary Artifact Creature - Golem",B,"cmr","108",uncommon,Black,Owned,Non-foil,mainboard,false,,,"","",84998,false,false,"Daniel Ljunggren"
"Ashiok, Dream Render",3,"Legendary Planeswalker - Ashiok",BU,"war","228",rare,Multicolored,Owned,Non-foil,mainboard,false,,,"","",72062,false,false,"Cynthia Sheppard"
"Ashnod's Altar",3,"Artifact",,"brr","4",uncommon,Colorless,Owned,Non-foil,mainboard,false,,,"","",104426,false,false,"Greg Staples"
"Assassin's Trophy",2,"Instant",BG,"grn","152",rare,Multicolored,Owned,Non-foil,mainboard,false,,,"","",69677,false,false,"Seb McKinnon"
"Atraxa, Grand Unifier",7,"Legendary Creature - Phyrexian Angel",BGUW,"one","196",mythic,Multicolored,Owned,Foil,mainboard,false,,,"","",106607,false,false,"Marta Nael"
"Aura Shards",3,"Enchantment",GW,"inv","233",uncommon,Multicolored,Owned,Non-foil,mainboard,false,,,"","",14325,false,false,"Ron Spencer"
"Auriok Salvagers",4,"Creature - Human Soldier",W,"2xm","6",uncommon,White,Owned,Non-foil,mainboard,false,,,"","",82046,false,false,"Randy Gallegos"
"Avacyn, Angel of Hope",8,"Legendary Creature - Angel",W,"cmm","14",mythic,White,Owned,Non-foil,mainboard,false,,,"","",115127,false,false,"Jason Chan"
"Avacyn's Pilgrim",1,"Creature - Human Monk",G,"mic","132",common,Multicolored,Owned,Non-foil,mainboard,false,,,"","",93680,false,false,"Jana Schirmer & Johannes Voss"
"Avatar of Growth",6,"Creature - Elemental Avatar",G,"gnt","5",mythic,Green,Proxied,Non-foil,mainboard,false,,,"","",-1,false,false,"Grzegorz Rutkowski"
"Azorius Signet",2,"Artifact",UW,"ncc","361",uncommon,Multicolored,Owned,Non-foil,mainboard,false,,,"","",-1,false,false,"Raoul Vitale"
"Backdraft Hellkite",5,"Creature - Dragon",R,"2x2","103",rare,null,Owned,Non-foil,mainboard,false,,,"","",101690,false,false,"Rudy Siswanto"
"Badgermole Cub",2,"Creature - Badger Mole",G,"tla","167",mythic,null,Proxied,Non-foil,mainboard,false,,,"","",144818,false,false,"Nathaniel Himawan"
"Balance",2,"Sorcery",W,"ema","2",mythic,White,Owned,Non-foil,mainboard,false,,,"","",60981,false,false,"Kev Walker"
"Basalt Monolith",3,"Artifact",,"2xm","232",uncommon,Colorless,Owned,Non-foil,mainboard,false,,,"","",82498,false,false,"Yeong-Hao Han"
"Bazaar of Baghdad",0,"Land",,"vma","294",uncommon,Lands,Proxied,Non-foil,mainboard,false,,,"","",53233,false,false,"Christopher Moeller"
"Bello, Bard of the Brambles",3,"Legendary Creature - Raccoon Bard",GR,"blc","1",mythic,Multicolored,Owned,Non-foil,mainboard,false,,,"","",128991,false,false,"Slawomir Maniak"
"Beseech the Mirror",4,"Sorcery",B,"woe","82",mythic,Black,Owned,Non-foil,mainboard,false,,,"","",116474,false,false,"Cynthia Sheppard"
"Birds of Paradise",1,"Creature - Bird",G,"rav","153",rare,Green,Owned,Non-foil,mainboard,false,,,"","",23054,false,false,"Marcelo Vignali"
"Birgi, God of Storytelling",3,"Legendary Creature - God",R,"khm","123",rare,Red,Owned,Non-foil,mainboard,false,,,"","",87579,false,false,"Eric Deschamps"
"Birthing Pod",4,"Artifact",G,"nph","104",rare,Green,Owned,Non-foil,mainboard,false,,,"","",39796,false,false,"Daarken"
"Bjorna, Nightfall Alchemist",2,"Legendary Creature - Human",RU,"slx","2",rare,null,Owned,Non-foil,mainboard,false,,,"","",105931,false,false,"Jamroz Gary"
"Black Market Connections",3,"Enchantment",B,"acr","161",rare,Black,Proxied,Non-foil,mainboard,false,,,"","",127902,false,false,"Filipe Pagliuso"
"Blasting Station",3,"Artifact",,"5dn","107",uncommon,Colorless,Owned,Non-foil,mainboard,false,,,"","",20786,false,false,"Stephen Tappin"
"Blood Artist",2,"Creature - Vampire",B,"2x2","70",uncommon,Black,Owned,Non-foil,mainboard,false,,,"","",101624,false,false,"L.A. Draws"
"Bloom Tender",2,"Creature - Elf Druid",G,"2x2","138",rare,Green,Owned,Non-foil,mainboard,false,,,"","",101760,false,false,"Chippy"
"Bolas's Citadel",6,"Legendary Artifact",B,"war","79",rare,Black,Owned,Non-foil,mainboard,false,,,"","",71764,false,false,"Jonas De Ro"
"Bonders' Enclave",0,"Land",,"j22","811",rare,null,Owned,Non-foil,mainboard,false,,,"","",-1,false,false,"Cliff Childs"
"Booster Tutor",1,"Instant",B,"und","33",uncommon,Black,Owned,Non-foil,mainboard,false,,,"","",-1,false,false,"Heather Hudson"
"Boros Signet",2,"Artifact",RW,"rvr","251",uncommon,Multicolored,Owned,Non-foil,mainboard,false,,,"","",121069,false,false,"Greg Hildebrandt"
"Boseiju, Who Endures",0,"Legendary Land",G,"neo","266",rare,Lands,Proxied,Non-foil,mainboard,false,,,"","",97482,false,false,"Chris Ostrowski"
"Brain Freeze",2,"Instant",U,"soa","78",uncommon,Blue,Owned,Non-foil,mainboard,false,,,"","",148463,false,false,"Yu-ki Nishimoto"
"Breach the Multiverse",7,"Sorcery",B,"mom","94",rare,null,Owned,Non-foil,mainboard,false,,,"","",110024,false,false,"Liiga Smilshkalne"
"Breena, the Demagogue",3,"Legendary Creature - Bird Warlock",BW,"c21","1",mythic,Multicolored,Owned,Foil,mainboard,false,,,"","",89245,false,false,"Simon Dominic"
"Brightglass Gearhulk",4,"Artifact Creature - Construct",GW,"dft","191",mythic,Multicolored,Owned,Non-foil,mainboard,false,,,"","",136505,false,false,"José Parodi"
"Brigid, Clachan's Heart",3,"Legendary Creature - Kithkin Warrior",GW,"ecl","7",rare,null,Owned,Non-foil,mainboard,false,,,"","",146393,false,false,"Zoltan Boros"
"Buried Alive",3,"Sorcery",B,"mh3","273",uncommon,Black,Owned,Non-foil,mainboard,false,,,"","",125957,false,false,"Greg Staples"
"Burnt Offering",1,"Instant",BR,"ice","116",common,Multicolored,Owned,Non-foil,mainboard,false,,,"","",-1,false,false,"Daniel Gelon"
"Buster Sword",3,"Artifact - Equipment",,"fin","255",mythic,Colorless,Proxied,Non-foil,mainboard,false,,,"","",141477,false,false,"Douzen"
"Cabal Ritual",2,"Instant",B,"tor","51",common,Black,Owned,Non-foil,mainboard,false,,,"","",17191,false,false,"Greg Hildebrandt"
"Caldera Pyremaw",5,"Creature - Dragon",R,"tdc","33",rare,Red,Owned,Non-foil,mainboard,false,,,"","",138083,false,false,"Johann Bodin"
"Call Forth the Tempest",8,"Sorcery",R,"hoc","22",rare,null,Proxied,Non-foil,mainboard,false,,,"","",154558,false,false,"Alex Horley-Orlandelli"
"Candelabra of Tawnos",1,"Artifact",,"atq","43",rare,Colorless,Proxied,Non-foil,mainboard,false,,,"","",-1,false,false,"Douglas Shuler"
"Captain Sisay",4,"Legendary Creature - Human Soldier",GW,"inv","237",rare,Multicolored,Owned,Non-foil,mainboard,false,,,"","",14717,false,false,"Ray Lago"
"Capture of Jingzhou",5,"Sorcery",U,"cmm","79",mythic,null,Proxied,Non-foil,mainboard,false,,,"","",115257,false,false,"Jack Wei"
"Carrion Feeder",1,"Creature - Zombie",B,"mh1","81",rare,Black,Owned,Non-foil,mainboard,false,,,"","",72534,false,false,"Svetlin Velinov"
"Cavern-Hoard Dragon",9,"Creature - Dragon",R,"hoc","23",rare,Red,Proxied,Non-foil,mainboard,false,,,"","",154560,false,false,"Jim Pavelec"
"Celes, Rune Knight",4,"Legendary Creature - Human Wizard Knight",BRW,"fic","1",mythic,Multicolored,Owned,Non-foil,mainboard,false,,,"","",139993,false,false,"Néstor Ossandón Leal"
"Chain of Vapor",1,"Instant",U,"ons","73",uncommon,Blue,Owned,Non-foil,mainboard,false,,,"","",17847,false,false,"Carl Critchlow"
"Chandra, Torch of Defiance",4,"Legendary Planeswalker - Chandra",R,"q06","6",mythic,Red,Owned,Non-foil,mainboard,false,,,"","",-1,false,false,"Magali Villeneuve"
"Channel",2,"Sorcery",G,"sta","113",uncommon,Green,Owned,Non-foil,mainboard,false,,,"","",99625,false,false,"Shie Nanahara"
"Chaos Warp",3,"Instant",R,"2x2","359",rare,Red,Owned,Non-foil,mainboard,false,,,"","",-1,false,false,"Phil Foglio"
"Charismatic Conqueror",2,"Creature - Vampire Soldier",W,"lcc","70",rare,White,Proxied,Non-foil,mainboard,false,,,"","",119144,false,false,"Bram Sels"
"Chatterfang, Squirrel General",3,"Legendary Creature - Squirrel Warrior",GB,"blc","82",mythic,Multicolored,Owned,Non-foil,mainboard,false,,,"","",128285,false,false,"Olivier Bernard"
"Cheer",5,"Creature - Elemental Incarnation",RW,"hho","25",rare,null,Premium Owned,Non-foil,mainboard,false,,,"","",-1,false,false,"Alexandr Leskinen"
"Chord of Calling",3,"Instant",G,"sld","1595",rare,Green,Owned,Non-foil,mainboard,false,,,"","",-1,false,false,"Kekai Kotaki"
"Chrome Mox",0,"Artifact",,"2xm","240",mythic,Colorless,Proxied,Non-foil,mainboard,false,,,"","",82514,false,false,"Volkan Baǵa"
"Chulane, Teller of Tales",5,"Legendary Creature - Human Druid",GUW,"eld","326",mythic,Multicolored,Owned,Non-foil,mainboard,false,,,"","",78712,false,false,"Victor Adame Minguez"
"City of Brass",0,"Land",,"2x2","321",rare,Lands,Owned,Non-foil,mainboard,false,,,"","",102126,false,false,"Kirsten Zirngibl"
"Clarion Conqueror",3,"Creature - Dragon",W,"tdm","5",rare,White,Owned,Non-foil,mainboard,false,,,"","",138953,false,false,"Nathaniel Himawan"
"Clever Impersonator",4,"Creature - Shapeshifter",U,"ktk","34",mythic,Blue,Owned,Non-foil,mainboard,false,,,"","",54318,false,false,"Slawomir Maniak"
"Clock of Omens",4,"Artifact",,"5dn","110",uncommon,Colorless,Owned,Non-foil,mainboard,false,,,"","",20784,false,false,"Alex Horley-Orlandelli"
"Cloud of Faeries",2,"Creature - Faerie",U,"dmr","43",common,Blue,Owned,Non-foil,mainboard,false,,,"","",107575,false,false,"Melissa A. Benson"
"Cloud, Midgar Mercenary",2,"Legendary Creature - Human Soldier Mercenary",W,"fin","10",mythic,White,Owned,Non-foil,mainboard,false,,,"","",140937,false,false,"Kazto Furuya"
"Codie, Vociferous Codex",3,"Legendary Artifact Creature - Construct",,"spg","157",rare,Multicolored,Owned,Non-foil,mainboard,false,,,"","",-1,false,false,"Andreia Ugrai"
"Collector Ouphe",2,"Creature - Ouphe",G,"mh1","158",rare,Green,Owned,Non-foil,mainboard,false,,,"","",72688,false,false,"Filip Burburan"
"Combat Celebrant",3,"Creature - Human Warrior",R,"j25","531",mythic,null,Owned,Non-foil,mainboard,false,,,"","",-1,false,false,"Chris Rallis"
"Comet, Stellar Pup",4,"Legendary Planeswalker - Comet",RW,"unf","166",mythic,Multicolored,Owned,Non-foil,mainboard,false,,,"","",115784,false,false,"Jeff Miracola"
"Command Beacon",0,"Land",,"cmr","349",rare,Lands,Owned,Non-foil,mainboard,false,,,"","",85480,false,false,"Jonas De Ro"
"Consecrated Sphinx",6,"Creature - Sphinx",U,"2x2","43",mythic,Blue,Owned,Non-foil,mainboard,false,,,"","",101570,false,false,"Mark Zug"
"Corpse Dance",3,"Instant",B,"tmp","116",rare,Black,Owned,Non-foil,mainboard,false,,,"","",9801,false,false,"Brian Snõddy"
"Coruscation Mage",2,"Creature - Otter Wizard",R,"blb","131",uncommon,Red,Owned,Non-foil,mainboard,false,,,"","",129507,false,false,"Gaboleps"
"Coveted Jewel",6,"Artifact",,"blc","268",rare,Colorless,Owned,Non-foil,mainboard,false,,,"","",128683,false,false,"Jason A. Engle"
"Craterhoof Behemoth",8,"Creature - Beast",G,"avr","172",mythic,Green,Owned,Non-foil,mainboard,false,,,"","",43921,false,false,"Chris Rahn"
"Crop Rotation",1,"Instant",G,"soa","116",uncommon,Green,Owned,Non-foil,mainboard,false,,,"","",148539,false,false,"shikitori"
"Crucible of Worlds",3,"Artifact",,"2x2","303",mythic,Colorless,Owned,Non-foil,mainboard,false,,,"","",102090,false,false,"Ron Spencer"
"Culling Ritual",4,"Sorcery",BG,"soa","127",rare,Multicolored,Owned,Non-foil,mainboard,false,,,"","",148561,false,false,"Matthew Meyer"
"Culling the Weak",1,"Instant",B,"exo","55",common,Black,Owned,Non-foil,mainboard,false,,,"","",10719,false,false,"Scott M. Fischer"
"Curiosity",1,"Enchantment - Aura",U,"isd","49",uncommon,Blue,Owned,Non-foil,mainboard,false,,,"","",42538,false,false,"Igor Kieryluk"
"Cursed Mirror",3,"Artifact",R,"mh3","279",rare,null,Owned,Non-foil,mainboard,false,,,"","",125969,false,false,"David Gaillet"
"Cyclonic Rift",2,"Instant",U,"rtr","35",mythic,Blue,Owned,Non-foil,mainboard,false,,,"","",46733,false,false,"Chris Rahn"
"Dakmor Salvage",0,"Land",B,"uma","240",uncommon,Lands,Owned,Non-foil,mainboard,false,,,"","",70557,false,false,"John Avon"
"Damnation",4,"Sorcery",B,"spg","68",rare,Black,Owned,Non-foil,mainboard,false,,,"","",131427,false,false,"Masahiro Ito"
"Dance of the Dead",2,"Enchantment - Aura",B,"ice","118",uncommon,Black,Owned,Non-foil,mainboard,false,,,"","",-1,false,false,"Randy Gallegos"
"Dargo, the Shipwrecker",7,"Legendary Creature - Giant Pirate",R,"cmr","172",uncommon,Red,Owned,Non-foil,mainboard,false,,,"","",85126,false,false,"Zoltan Boros"
"Dark Depths",0,"Legendary Snow Land",,"dmr","244",mythic,Lands,Owned,Foil,mainboard,false,,,"","",108017,false,false,"Mathias Kollros"
"Dark Petition",5,"Sorcery",B,"ori","90",rare,Black,Owned,Non-foil,mainboard,false,,,"","",57968,false,false,"Igor Kieryluk"
"Dark Ritual",1,"Instant",B,"mmq","129",common,Black,Owned,Non-foil,mainboard,false,,,"","",13287,false,false,"Rebecca Guay"
"Dauthi Voidwalker",2,"Creature - Dauthi Rogue",B,"mh2","81",rare,Black,Owned,Non-foil,mainboard,false,,,"","",90535,false,false,"Sidharth Chaturvedi"
"Day of Judgment",4,"Sorcery",W,"sta","65",rare,White,Owned,Non-foil,mainboard,false,,,"","",99529,false,false,"Maiko Yoshizawa"
"Dazzling Theater // Prop Room",7,"Enchantment - Room",W,"dsk","334",rare,null,Owned,Non-foil,mainboard,false,,,"","",130021,false,false,"Ivan Shavrin"
"Deadeye Navigator",6,"Creature - Spirit",U,"inr","59",rare,Blue,Owned,Non-foil,mainboard,false,,,"","",135492,false,false,"Lie Setiawan"
"Deadly Rollick",4,"Instant",B,"c20","42",rare,Black,Owned,Non-foil,mainboard,false,,,"","",80665,false,false,"Izzy"
"Deadpool, Trading Card",4,"Legendary Creature - Mutant Mercenary Hero",BR,"sld","1753",mythic,Multicolored,Owned,Non-foil,mainboard,false,,,"","",-1,false,false,"Justine Cruz"
"Deathrite Shaman",1,"Creature - Elf Shaman",BG,"rvr","363",rare,Multicolored,Owned,Non-foil,mainboard,false,,,"","",120303,false,false,"Steve Argyle"
"Defense Grid",2,"Artifact",,"brr","13",rare,Colorless,Owned,Non-foil,mainboard,false,,,"","",104444,false,false,"Mark Tedin"
"Deflecting Swat",3,"Instant",R,"c20","50",rare,Red,Proxied,Non-foil,mainboard,false,,,"","",80681,false,false,"Izzy"
"Delay",2,"Instant",U,"tsr","61",uncommon,null,Owned,Non-foil,mainboard,false,,,"","",86485,false,false,"Svetlin Velinov"
"Delighted Halfling",1,"Creature - Halfling Citizen",G,"ltr","158",rare,Green,Owned,Foil,mainboard,false,,,"","",112226,false,false,"Inka Schulz"
"Delney, Streetwise Lookout",3,"Legendary Creature - Human Scout",W,"mkm","12",mythic,White,Owned,Non-foil,mainboard,false,,,"","",121512,false,false,"Darren Tan"
"Demonic Counsel",2,"Sorcery",B,"dsk","310",rare,Black,Owned,Non-foil,mainboard,false,,,"","",129875,false,false,"Bastien Grivet"
"Derevi, Empyrial Tactician",3,"Legendary Creature - Bird Wizard",GUW,"blc","87",mythic,Multicolored,Owned,Non-foil,mainboard,false,,,"","",128295,false,false,"Nathaniel Himawan"
"Devoted Druid",2,"Creature - Elf Druid",G,"spg","138",common,Green,Owned,Non-foil,mainboard,false,,,"","",147225,false,false,"Ryan Riller"
"Diabolic Intent",2,"Sorcery",B,"bro","89",rare,Black,Owned,Foil,mainboard,false,,,"","",104796,false,false,"Dan Murayama Scott"
"Dihada, Binder of Wills",4,"Legendary Planeswalker - Dihada",BRW,"dmc","1",mythic,Multicolored,Owned,Non-foil,mainboard,false,,,"","",103040,false,false,"Néstor Ossandón Leal"
"Dimir Signet",2,"Artifact",BU,"woc","146",uncommon,Multicolored,Owned,Non-foil,mainboard,false,,,"","",117210,false,false,"Raoul Vitale"
"Dismember",3,"Instant",B,"soa","158",rare,Black,Owned,Non-foil,mainboard,false,,,"","",-1,false,false,"SETTA"
"Displacer Kitten",4,"Creature - Cat Beast",U,"clb","63",rare,Blue,Owned,Non-foil,mainboard,false,,,"","",100124,false,false,"Campbell White"
"Disruptor Flute",2,"Artifact",,"mh3","209",rare,Colorless,Owned,Non-foil,mainboard,false,,,"","",126437,false,false,"Xavier Ribeiro"
"Dockside Extortionist",2,"Creature - Goblin Pirate",R,"c19","24",mythic,Red,Owned,Non-foil,mainboard,false,,,"","",77102,false,false,"Forrest Imel"
"Domri, Anarch of Bolas",3,"Legendary Planeswalker - Domri",GR,"war","191",rare,Multicolored,Owned,Non-foil,mainboard,false,,,"","",71988,false,false,"Raymond Swanland"
"Doomsday",3,"Sorcery",B,"6ed","121",mythic,Black,Owned,Non-foil,mainboard,false,,,"","",-1,false,false,"Adrian Smith"
"Doorkeeper Thrull",2,"Creature - Thrull",W,"mkm","13",rare,White,Owned,Non-foil,mainboard,false,,,"","",121514,false,false,"Camille Alquier"
"Dovin's Veto",2,"Instant",UW,"war","193",special,Multicolored,Owned,Non-foil,mainboard,false,,,"","",71992,false,false,"Izzy"
"Dragon's Rage Channeler",1,"Creature - Human Shaman",R,"mh2","121",uncommon,Red,Owned,Non-foil,mainboard,false,,,"","",90615,false,false,"Martina Fačková"
"Dramatic Reversal",2,"Instant",U,"kld","44",rare,Blue,Owned,Non-foil,mainboard,false,,,"","",61915,false,false,"Eric Deschamps"
"Drannith Magistrate",2,"Creature - Human Wizard",W,"iko","11",rare,White,Owned,Non-foil,mainboard,false,,,"","",80031,false,false,"Kieran Yanner"
"Dread Return",4,"Sorcery",B,"tsp","104",common,Black,Owned,Non-foil,mainboard,false,,,"","",25733,false,false,"Kev Walker"
"Dryad's Revival",3,"Sorcery",G,"mid","183",uncommon,null,Owned,Non-foil,mainboard,false,,,"","",93354,false,false,"Mila Pesic"
"Dualcaster Mage",3,"Creature - Human Wizard",R,"c21","165",rare,Red,Owned,Non-foil,mainboard,false,,,"","",89431,false,false,"Matt Stewart"
"Duress",1,"Sorcery",B,"sta","92",common,Black,Owned,Non-foil,mainboard,false,,,"","",99583,false,false,"Romiy"
"Earthcraft",2,"Enchantment",G,"tmp","222",rare,Green,Proxied,Non-foil,mainboard,false,,,"","",9823,false,false,"Randy Gallegos"
"Eddie Brock",3,"Legendary Creature - Human Hero Villain",BGR,"spm","55",mythic,Multicolored,Owned,Non-foil,mainboard,false,,,"","",153349,false,false,"Greg Staples"
"Edric, Spymaster of Trest",3,"Legendary Creature - Elf Rogue",GU,"cns","187",rare,Multicolored,Owned,Non-foil,mainboard,false,,,"","",-1,false,false,"Volkan Baǵa"
"Eirdu, Carrier of Dawn",5,"Legendary Creature - Elemental God",BW,"ecl","13",mythic,null,Owned,Non-foil,mainboard,false,,,"","",146407,false,false,"Lucas Graciano"
"Eladamri's Call",2,"Instant",GW,"pls","106",rare,Multicolored,Owned,Non-foil,mainboard,false,,,"","",15111,false,false,"Kev Walker"
"Elas il-Kor, Sadistic Pilgrim",2,"Legendary Creature - Phyrexian Kor Cleric",BW,"dmu","198",uncommon,Multicolored,Owned,Non-foil,mainboard,false,,,"","",102872,false,false,"G-host Lee"
"Eldrazi Displacer",3,"Creature - Eldrazi",W,"m3c","169",rare,White,Owned,Non-foil,mainboard,false,,,"","",126879,false,false,"Daarken"
"Eldritch Evolution",3,"Sorcery",G,"inr","410",rare,Green,Owned,Non-foil,mainboard,false,,,"","",135106,false,false,"Jason Rainville"
"Electro, Assaulting Battery",3,"Legendary Creature - Human Villain",R,"spm","76",rare,Red,Owned,Non-foil,mainboard,false,,,"","",153391,false,false,"Piotr Dura"
"Electroduplicate",3,"Sorcery",R,"fdn","85",rare,null,Owned,Non-foil,mainboard,false,,,"","",133738,false,false,"Warren Mahy"
"Elesh Norn, Mother of Machines",5,"Legendary Creature - Phyrexian Praetor",W,"one","10",mythic,White,Owned,Foil,mainboard,false,,,"","",106235,false,false,"Martina Fačková"
"Ellie, Vengeful Hunter",3,"Legendary Creature - Human Survivor",BR,"sld","2203",mythic,null,Owned,Non-foil,mainboard,false,,,"","",-1,false,false,"Irvin Rodriguez"
"Elmar, Ulvenwald Informant",3,"Legendary Creature - Human",GR,"slx","4",rare,null,Owned,Non-foil,mainboard,false,,,"","",105935,false,false,"Eliz Roxs"
"Elsha of the Infinite",5,"Legendary Creature - Djinn Monk",RUW,"2x2","208",rare,Multicolored,Owned,Non-foil,mainboard,false,,,"","",101900,false,false,"G-host Lee"
"Elspeth, Storm Slayer",5,"Legendary Planeswalker - Elspeth",W,"tdm","11",mythic,White,Owned,Non-foil,mainboard,false,,,"","",138965,false,false,"Ekaterina Burmak"
"Elspeth, Sun's Champion",6,"Legendary Planeswalker - Elspeth",W,"mkc","62",mythic,null,Owned,Non-foil,mainboard,false,,,"","",122264,false,false,"Eric Deschamps"
"Elves of Deep Shadow",1,"Creature - Elf Druid",G,"rav","161",common,Multicolored,Owned,Non-foil,mainboard,false,,,"","",23100,false,false,"Justin Sweet"
"Elvish Mystic",1,"Creature - Elf Druid",G,"m15","173",common,Green,Owned,Non-foil,mainboard,false,,,"","",53460,false,false,"Wesley Burt"
"Elvish Reclaimer",1,"Creature - Elf Warrior",G,"m20","169",rare,null,Owned,Non-foil,mainboard,false,,,"","",73237,false,false,"Victor Adame Minguez"
"Elvish Spirit Guide",3,"Creature - Elf Spirit",G,"dmr","157",uncommon,Green,Owned,Non-foil,mainboard,false,,,"","",107803,false,false,"Anna Steinbauer"
"Emergence Zone",0,"Land",,"war","245",uncommon,Lands,Owned,Non-foil,mainboard,false,,,"","",72096,false,false,"Jonas De Ro"
"Emergency Eject",3,"Instant",W,"eoe","14",uncommon,White,Owned,Non-foil,mainboard,false,,,"","",142641,false,false,"Leon Tukker"
"Emiel the Blessed",4,"Legendary Creature - Unicorn",GW,"j22","180",mythic,Multicolored,Owned,Non-foil,mainboard,false,,,"","",-1,false,false,"Antonio José Manzanedo"
"Emrakul, the Aeons Torn",15,"Legendary Creature - Eldrazi",,"mm2","3",mythic,Colorless,Owned,Non-foil,mainboard,false,,,"","",57184,false,false,"Mark Tedin"
"Emrakul, the Promised End",13,"Legendary Creature - Eldrazi",,"emn","6",mythic,Colorless,Owned,Non-foil,mainboard,false,,,"","",61068,false,false,"Jaime Jones"
"Endurance",3,"Creature - Elemental Incarnation",G,"mh2","157",mythic,Green,Owned,Non-foil,mainboard,false,,,"","",90691,false,false,"Anastasia Ovchinnikova"
"Enlightened Tutor",1,"Instant",W,"6ed","19",rare,White,Owned,Non-foil,mainboard,false,,,"","",-1,false,false,"Dan Frazier"
"Entomb",1,"Instant",B,"uma","94",rare,Black,Owned,Non-foil,mainboard,false,,,"","",70261,false,false,"Seb McKinnon"
"Ephemerate",1,"Instant",W,"mh1","7",common,White,Owned,Non-foil,mainboard,false,,,"","",72386,false,false,"Bastien L. Deharme"
"Ersta, Friend to All",5,"Legendary Planeswalker - Ersta",BGRUW,"ph21","4",mythic,Multicolored,Premium Owned,Non-foil,mainboard,false,,,"","",-1,false,false,"Winona Nelson"
"Esika, God of the Tree",3,"Legendary Creature - God",GRBWU,"khm","168",mythic,Multicolored,Owned,Non-foil,mainboard,false,,,"","",87673,false,false,"Johannes Voss"
"Esper Sentinel",1,"Artifact Creature - Human Soldier",W,"mh2","12",rare,White,Owned,Non-foil,mainboard,false,,,"","",90393,false,false,"Eric Deschamps"
"Etali, Primal Conqueror",7,"Legendary Creature - Elder Dinosaur",RG,"mom","298",rare,Multicolored,Owned,Non-foil,mainboard,false,,,"","",109508,false,false,"Yeong-Hao Han"
"Eternal Witness",3,"Creature - Human Shaman",G,"2x2","145",rare,Green,Owned,Non-foil,mainboard,false,,,"","",101774,false,false,"Chris Rahn"
"Exhume",2,"Sorcery",B,"usg","134",uncommon,Black,Owned,Non-foil,mainboard,false,,,"","",11897,false,false,"Carl Critchlow"
"Faerie Mastermind",2,"Creature - Faerie Rogue",U,"soc","114",rare,Blue,Owned,Non-foil,mainboard,false,,,"","",148699,false,false,"Kai Carpenter"
"Faithless Looting",1,"Sorcery",R,"sta","101",common,Red,Owned,Non-foil,mainboard,false,,,"","",99601,false,false,"Shiro Yayoi"
"Farewell",6,"Sorcery",W,"neo","365",rare,White,Owned,Non-foil,mainboard,false,,,"","",-1,false,false,"Fuzichoco"
"Fastbond",1,"Enchantment",G,"vma","209",mythic,Green,Proxied,Non-foil,mainboard,false,,,"","",53237,false,false,"Nils Hamm"
"Fatal Push",1,"Instant",B,"aer","57",uncommon,Black,Owned,Non-foil,mainboard,false,,,"","",62689,false,false,"Eric Deschamps"
"Fear of Missing Out",2,"Enchantment Creature - Nightmare",R,"dsk","316",rare,null,Owned,Non-foil,mainboard,false,,,"","",129887,false,false,"Cacho Rubione"
"Felidar Guardian",4,"Creature - Cat Beast",W,"aer","19",rare,White,Owned,Non-foil,mainboard,false,,,"","",62593,false,false,"Jakub Kasper"
"Fell the Profane",4,"Instant",B,"mh3","244",uncommon,Black,Owned,Non-foil,mainboard,false,,,"","",126521,false,false,"Yeong-Hao Han"
"Fellwar Stone",2,"Artifact",,"blc","269",uncommon,Colorless,Owned,Non-foil,mainboard,false,,,"","",128685,false,false,"John Avon"
"Field of the Dead",0,"Land",,"m20","247",mythic,Lands,Proxied,Non-foil,mainboard,false,,,"","",73393,false,false,"Kev Walker"
"Fierce Guardianship",3,"Instant",U,"c20","35",rare,Blue,Proxied,Non-foil,mainboard,false,,,"","",80651,false,false,"Randy Vargas"
"Fiery Confluence",4,"Sorcery",R,"moc","278",rare,Red,Owned,Non-foil,mainboard,false,,,"","",111012,false,false,"Kieran Yanner"
"Final Fortune",2,"Instant",R,"7ed","182",rare,Red,Owned,Non-foil,mainboard,false,,,"","",15516,false,false,"Greg Hildebrandt & Tim Hildebrandt"
"Final Parting",5,"Sorcery",B,"dom","93",uncommon,Black,Owned,Non-foil,mainboard,false,,,"","",67651,false,false,"Eric Deschamps"
"Final Showdown",1,"Instant",W,"otj","11",mythic,null,Owned,Foil,mainboard,false,,,"","",123933,false,false,"Izzy"
"Finale of Devastation",2,"Sorcery",G,"war","160",mythic,Green,Owned,Non-foil,mainboard,false,,,"","",71926,false,false,"Bayard Wu"
"Fire Covenant",3,"Instant",BR,"ice","289",rare,Multicolored,Owned,Non-foil,mainboard,false,,,"","",-1,false,false,"Dan Frazier"
"Fire Lord Azula",4,"Legendary Creature - Human Noble",BRU,"tla","220",rare,null,Owned,Non-foil,mainboard,false,,,"","",144932,false,false,"Fahmi Fauzi"
"Flare of Denial",3,"Instant",U,"mh3","62",rare,Blue,Owned,Non-foil,mainboard,false,,,"","",126141,false,false,"Jason A. Engle"
"Flare of Duplication",3,"Instant",R,"mh3","119",rare,Red,Owned,Non-foil,mainboard,false,,,"","",126255,false,false,"Olivier Bernard"
"Flare of Malice",4,"Instant",B,"mh3","95",rare,Black,Owned,Non-foil,mainboard,false,,,"","",126207,false,false,"David Palumbo"
"Flash",2,"Instant",U,"a25","57",rare,Blue,Owned,Non-foil,mainboard,false,,,"","",67028,false,false,"Naomi Baker"
"Flawless Maneuver",3,"Instant",W,"cmm","24",rare,White,Owned,Non-foil,mainboard,false,,,"","",115147,false,false,"Zoltan Boros"
"Flesh Duplicate",2,"Creature - Shapeshifter Rebel",U,"who","44",rare,Blue,Owned,Non-foil,mainboard,false,,,"","",-1,false,false,"Kekai Kotaki"
"Flubs, the Fool",3,"Legendary Creature - Frog Scout",GRU,"blc","356",mythic,Multicolored,Owned,Non-foil,mainboard,false,,,"","",128265,false,false,"Adam Rex"
"Flusterstorm",1,"Instant",U,"soa","83",rare,Blue,Owned,Non-foil,mainboard,false,,,"","",148473,false,false,"AKAGI"
"Food Chain",3,"Enchantment",G,"mmq","246",mythic,Green,Owned,Non-foil,mainboard,false,,,"","",13401,false,false,"Val Mayerik"
"Forbidden Orchard",0,"Land",,"chk","276",rare,Lands,Owned,Non-foil,mainboard,false,,,"","",21437,false,false,"Dany Orizio"
"Force of Despair",3,"Instant",B,"mh1","92",rare,Black,Owned,Non-foil,mainboard,false,,,"","",72556,false,false,"Seb McKinnon"
"Force of Negation",3,"Instant",U,"mh1","52",rare,Blue,Proxied,Non-foil,mainboard,false,,,"","",72476,false,false,"Paul Scott Canavan"
"Force of Vigor",4,"Instant",G,"mh1","164",rare,Green,Owned,Non-foil,mainboard,false,,,"","",72700,false,false,"Randy Vargas"
"Force of Will",5,"Instant",U,"2xm","51",mythic,Blue,Owned,Non-foil,mainboard,false,,,"","",82136,false,false,"Terese Nielsen"
"Formidable Speaker",3,"Creature - Elf Druid",G,"ecl","176",rare,null,Owned,Non-foil,mainboard,false,,,"","",146743,false,false,"Aurore Folny"
"Frantic Search",3,"Instant",U,"uma","57",common,Blue,Owned,Non-foil,mainboard,false,,,"","",70187,false,false,"Mitchell Malloy"
"Fyndhorn Elves",1,"Creature - Elf Druid",G,"cmr","228",common,Green,Owned,Non-foil,mainboard,false,,,"","",85238,false,false,"Igor Kieryluk"
"Gaea's Cradle",0,"Legendary Land",G,"usg","321",rare,Lands,Proxied,Non-foil,mainboard,false,,,"","",11867,false,false,"Mark Zug"
"Gamble",1,"Sorcery",R,"dmr","433",mythic,Red,Owned,Non-foil,mainboard,false,,,"","",108095,false,false,"Daren Bader"
"Gemstone Caverns",0,"Legendary Land",,"tsr","280",rare,Lands,Owned,Non-foil,mainboard,false,,,"","",86935,false,false,"Martina Pilcerova"
"Generous Patron",3,"Creature - Elf Advisor",G,"bbd","70",rare,Green,Owned,Non-foil,mainboard,false,,,"","",68868,false,false,"Lucas Graciano"
"Genesis Storm",6,"Sorcery",G,"c18","30",rare,Green,Owned,Non-foil,mainboard,false,,,"","",-1,false,false,"Mark Poole"
"Ghalta, Stampede Tyrant",8,"Legendary Creature - Elder Dinosaur",G,"lci","185",mythic,Green,Owned,Non-foil,mainboard,false,,,"","",118194,false,false,"Lars Grant-West"
"Ghave, Guru of Spores",5,"Legendary Creature - Fungus Shaman",BGW,"2x2","216",mythic,Multicolored,Owned,Non-foil,mainboard,false,,,"","",101916,false,false,"James Paick"
"Gifts Ungiven",4,"Instant",U,"chk","62",rare,Blue,Owned,Non-foil,mainboard,false,,,"","",21335,false,false,"D. Alexander Gregory"
"Gigan, Cyberclaw Terror",6,"Legendary Creature - Demon Kraken",BU,"prm","80919",rare,null,Owned,Non-foil,mainboard,false,,,"","",80919,false,false,"Jesper Ejsing"
"Gilanra, Caller of Wirewood",3,"Legendary Creature - Elf Druid",G,"cmr","230",uncommon,Green,Owned,Non-foil,mainboard,false,,,"","",85242,false,false,"Jehan Choo"
"Gilded Drake",2,"Creature - Drake",U,"usg","76",rare,Blue,Proxied,Non-foil,mainboard,false,,,"","",11975,false,false,"Bob Eggleton"
"Gitaxian Probe",1,"Sorcery",U,"nph","35",common,Blue,Owned,Non-foil,mainboard,false,,,"","",39976,false,false,"Chippy"
"Glarb, Calamity's Augur",3,"Legendary Creature - Frog Wizard Noble",BGU,"blb","215",mythic,Multicolored,Owned,Non-foil,mainboard,false,,,"","",129675,false,false,"Bram Sels"
"Glaring Fleshraker",3,"Creature - Eldrazi Drone",,"mh3","7",uncommon,Colorless,Owned,Non-foil,mainboard,false,,,"","",126031,false,false,"Raph Lomotan"
"Glasspool Mimic",3,"Creature - Shapeshifter Rogue",U,"znr","60",rare,Blue,Owned,Non-foil,mainboard,false,,,"","",83069,false,false,"Johan Grenier"
"Goblin Bombardment",2,"Enchantment",R,"mh2","279",rare,Red,Owned,Non-foil,mainboard,false,,,"","",90981,false,false,"Dave Kendall"
"Gold Mine",0,"Land",,"cmb2","116",rare,Lands,Owned,Non-foil,mainboard,false,,,"","",-1,false,false,"Max McCall"
"Golgari Grave-Troll",5,"Creature - Troll Skeleton",G,"ddj","60",rare,Green,Owned,Non-foil,mainboard,false,,,"","",46158,false,false,"Greg Hildebrandt"
"Golgari Signet",2,"Artifact",BG,"c16","255",uncommon,Multicolored,Owned,Non-foil,mainboard,false,,,"","",-1,false,false,"Raoul Vitale"
"Golgari Thug",2,"Creature - Human Warrior",B,"rvr","76",uncommon,Black,Owned,Non-foil,mainboard,false,,,"","",120679,false,false,"Kev Walker"
"Golos, Tireless Pilgrim",5,"Legendary Artifact Creature - Scout",BGRUW,"m20","226",rare,Multicolored,Owned,Non-foil,mainboard,false,,,"","",73351,false,false,"Joseph Meehan"
"Grand Abolisher",2,"Creature - Human Cleric",W,"big","2",mythic,White,Owned,Foil,mainboard,false,,,"","",125365,false,false,"Aurore Folny"
"Grapeshot",2,"Sorcery",R,"sta","102",common,Red,Owned,Non-foil,mainboard,false,,,"","",99603,false,false,"Hatori Kyoka"
"Greater Good",4,"Enchantment",G,"blc","223",rare,Green,Owned,Non-foil,mainboard,false,,,"","",128593,false,false,"Mathias Kollros"
"Green Sun's Zenith",1,"Sorcery",G,"2x2","150",rare,Green,Owned,Non-foil,mainboard,false,,,"","",101784,false,false,"David Rapoza"
"Grief",4,"Creature - Elemental Incarnation",B,"mh2","87",mythic,Black,Owned,Non-foil,mainboard,false,,,"","",90547,false,false,"Nicholas Gregory"
"Grim Monolith",2,"Artifact",,"ulg","126",rare,Colorless,Proxied,Non-foil,mainboard,false,,,"","",12551,false,false,"Chippy"
"Grinding Station",2,"Artifact",,"5dn","127",uncommon,Colorless,Owned,Non-foil,mainboard,false,,,"","",20840,false,false,"Greg Staples"
"Griselbrand",8,"Legendary Creature - Demon",B,"avr","106",mythic,Black,Owned,Non-foil,mainboard,false,,,"","",44125,false,false,"Igor Kieryluk"
"Growing Rites of Itlimoc",3,"Legendary Enchantment",G,"lci","188",rare,Green,Owned,Non-foil,mainboard,false,,,"","",118200,false,false,"Josu Hernaiz"
"Gruul Signet",2,"Artifact",GR,"blc","273",uncommon,Multicolored,Owned,Non-foil,mainboard,false,,,"","",128693,false,false,"Efrem Palacios"
"Guttersnipe",3,"Creature - Goblin Shaman",R,"ima","131",uncommon,Red,Owned,Non-foil,mainboard,false,,,"","",66141,false,false,"Mathias Kollros"
"Hargilde, Kindly Runechanter",4,"Legendary Creature - Human",UW,"slx","5",rare,null,Owned,Non-foil,mainboard,false,,,"","",105937,false,false,"David Sondered"
"Haywire Mite",1,"Artifact Creature - Insect",,"dsc","247",uncommon,null,Owned,Non-foil,mainboard,false,,,"","",131119,false,false,"Izzy"
"Hazel's Brewmaster",4,"Creature - Squirrel Warlock",B,"blc","52",rare,Black,Owned,Non-foil,mainboard,false,,,"","",128213,false,false,"Simon Dominic"
"Hearthhull, the Worldseed",4,"Legendary Artifact - Spacecraft",BGR,"eoc","1",mythic,Multicolored,Owned,Non-foil,mainboard,false,,,"","",142179,false,false,"Daniel Ljunggren"
"Helga, Skittish Seer",3,"Legendary Creature - Frog Druid",GUW,"blb","217",mythic,Multicolored,Owned,Non-foil,mainboard,false,,,"","",129679,false,false,"Andrea Piparo"
"Hellkite Charger",6,"Creature - Dragon",R,"cmm","232",rare,null,Owned,Non-foil,mainboard,false,,,"","",114691,false,false,"Jaime Jones"
"Hellkite Tyrant",6,"Creature - Dragon",R,"c21","172",rare,Red,Owned,Non-foil,mainboard,false,,,"","",89445,false,false,"Aleksi Briclot"
"Helm of the Host",4,"Legendary Artifact - Equipment",,"blc","276",rare,Colorless,Owned,Non-foil,mainboard,false,,,"","",128699,false,false,"Igor Kieryluk"
"Hexing Squelcher",2,"Creature - Goblin Sorcerer",R,"ecl","145",rare,null,Owned,Non-foil,mainboard,false,,,"","",146681,false,false,"Matt Stewart"
"Hoarding Broodlord",8,"Creature - Dragon",B,"mom","110",rare,Black,Owned,Foil,mainboard,false,,,"","",110056,false,false,"Filip Burburan"
"Hogaak, Arisen Necropolis",3,"Legendary Creature - Avatar",BG,"mh1","202",rare,Multicolored,Owned,Non-foil,mainboard,false,,,"","",72776,false,false,"Vincent Proce"
"Hope of Ghirapur",1,"Legendary Artifact Creature - Thopter",,"aer","154",rare,Colorless,Owned,Non-foil,mainboard,false,,,"","",62895,false,false,"Lius Lasahido"
"Hullbreacher",3,"Creature - Merfolk Pirate",U,"cmr","74",rare,Blue,Owned,Non-foil,mainboard,false,,,"","",84930,false,false,"Sidharth Chaturvedi"
"Hullbreaker Horror",7,"Creature - Kraken Horror",U,"vow","63",rare,Blue,Owned,Non-foil,mainboard,false,,,"","",94432,false,false,"Svetlin Velinov"
"Hushbringer",2,"Creature - Faerie",W,"eld","18",rare,null,Owned,Non-foil,mainboard,false,,,"","",78128,false,false,"Bastien L. Deharme"
"Icetill Explorer",4,"Creature - Insect Scout",G,"eoe","192",rare,Green,Owned,Non-foil,mainboard,false,,,"","",142997,false,false,"Warren Mahy"
"Ignoble Hierarch",1,"Creature - Goblin Shaman",G,"m3c","234",rare,Multicolored,Owned,Non-foil,mainboard,false,,,"","",127009,false,false,"Mark Zug"
"Ikra Shidiqi, the Usurper",5,"Legendary Creature - Snake Wizard",BG,"cmr","519",mythic,Multicolored,Owned,Etched,mainboard,false,,,"","",-1,false,false,"Josu Hernaiz"
"Incarnation Technique",5,"Sorcery",B,"c21","41",rare,Black,Owned,Non-foil,mainboard,false,,,"","",89825,false,false,"Alexander Mokhov"
"Inkmoth Nexus",0,"Land",,"mbs","145",rare,Lands,Owned,Non-foil,mainboard,false,,,"","",39329,false,false,"Jung Park"
"Intuition",3,"Instant",U,"tmp","70",rare,Blue,Proxied,Non-foil,mainboard,false,,,"","",9897,false,false,"April Lee"
"Invasion of Ikoria",2,"Battle - Siege",G,"mom","190",rare,Green,Owned,Non-foil,mainboard,false,,,"","",110254,false,false,"Antonio José Manzanedo"
"Inventors' Fair",0,"Legendary Land",,"kld","247",rare,Lands,Owned,Non-foil,mainboard,false,,,"","",61857,false,false,"Jonas De Ro"
"Inzerva, Master of Insights",5,"Legendary Planeswalker - Inzerva",RU,"ph17","2",mythic,Multicolored,Premium Owned,Non-foil,mainboard,false,,,"","",-1,false,false,"Filip Burburan"
"Iroh, Grand Lotus",6,"Legendary Creature - Human Noble Ally",GRU,"tla","227",rare,null,Owned,Non-foil,mainboard,false,,,"","",144946,false,false,"Fahmi Fauzi"
"Ishai, Ojutai Dragonspeaker",4,"Legendary Creature - Bird Monk",UW,"blc","89",mythic,Multicolored,Owned,Non-foil,mainboard,false,,,"","",128299,false,false,"Maxime Minard"
"Isochron Scepter",2,"Artifact",,"mrd","188",uncommon,Colorless,Owned,Non-foil,mainboard,false,,,"","",19665,false,false,"Mark Harrison"
"Izzet Signet",2,"Artifact",RU,"moc","362",uncommon,Multicolored,Owned,Non-foil,mainboard,false,,,"","",111192,false,false,"Raoul Vitale"
"Jace, the Mind Sculptor",4,"Legendary Planeswalker - Jace",U,"2xm","56",mythic,Blue,Owned,Non-foil,mainboard,false,,,"","",82146,false,false,"Jason Chan"
"Jace, Wielder of Mysteries",4,"Legendary Planeswalker - Jace",U,"war","54",rare,Blue,Owned,Non-foil,mainboard,false,,,"","",71714,false,false,"Anna Steinbauer"
"Jack-in-the-Mox",0,"Artifact",,"ugl","75",rare,Colorless,Owned,Non-foil,mainboard,false,,,"","",-1,false,false,"Dan Frazier"
"Jeska, Thrice Reborn",3,"Legendary Planeswalker - Jeska",R,"cmr","186",mythic,Red,Owned,Non-foil,mainboard,false,,,"","",85154,false,false,"Yongjae Choi"
"Jeska's Will",3,"Sorcery",R,"cmr","187",rare,Red,Proxied,Non-foil,mainboard,false,,,"","",85156,false,false,"Izzy"
"Jetmir, Nexus of Revels",4,"Legendary Creature - Cat Demon",GRW,"snc","193",mythic,Multicolored,Owned,Non-foil,mainboard,false,,,"","",98605,false,false,"Ryan Pancoast"
"Jeweled Amulet",0,"Artifact",,"ice","326",uncommon,Colorless,Owned,Non-foil,mainboard,false,,,"","",-1,false,false,"Dan Frazier"
"Warrior of Light",5,"Legendary Creature - Human Wizard",BGRUW,"fca","17",mythic,Multicolored,Owned,Non-foil,mainboard,false,,,"","",139897,false,false,"Yoshitaka Amano"
"Joel, Resolute Survivor",5,"Legendary Creature - Human Survivor",BG,"sld","2198",mythic,null,Owned,Non-foil,mainboard,false,,,"","",-1,false,false,"Yongjae Choi"
"Kamahl, Heart of Krosa",8,"Legendary Creature - Human Druid",G,"cmr","237",mythic,null,Owned,Non-foil,mainboard,false,,,"","",85256,false,false,"Kekai Kotaki"
"Karmic Guide",5,"Creature - Angel Spirit",W,"mh2","263",rare,White,Owned,Non-foil,mainboard,false,,,"","",90949,false,false,"Allen Williams"
"Karn, the Great Creator",4,"Legendary Planeswalker - Karn",,"war","1",rare,Colorless,Owned,Non-foil,mainboard,false,,,"","",71608,false,false,"Wisnu Tan"
"Kefka, Court Mage",5,"Legendary Creature - Human Wizard",BRU,"fin","231",mythic,Multicolored,Owned,Non-foil,mainboard,false,,,"","",141419,false,false,"Xui Ton"
"Kenrith, the Returned King",5,"Legendary Creature - Human Noble",BGRUW,"eld","303",mythic,Multicolored,Owned,Non-foil,mainboard,false,,,"","",78686,false,false,"Kieran Yanner"
"Kess, Dissident Mage",4,"Legendary Creature - Human Wizard",BRU,"c17","39",mythic,null,Owned,Non-foil,mainboard,false,,,"","",73850,false,false,"Izzy"
"Ketramose, the New Dawn",3,"Legendary Creature - God",BW,"dft","209",mythic,Multicolored,Owned,Non-foil,mainboard,false,,,"","",136541,false,false,"Maaz Ali Khan"
"Kiki-Jiki, Mirror Breaker",5,"Legendary Creature - Goblin Shaman",R,"ima","136",mythic,Red,Owned,Non-foil,mainboard,false,,,"","",66151,false,false,"Steven Belledin"
"Kinnan, Bonder Prodigy",2,"Legendary Creature - Human Druid",GU,"iko","192",mythic,Multicolored,Owned,Non-foil,mainboard,false,,,"","",80393,false,false,"Jason Rainville"
"Kodama of the East Tree",6,"Legendary Creature - Spirit",G,"blc","227",rare,Green,Owned,Non-foil,mainboard,false,,,"","",128601,false,false,"Daarken"
"Korvold, Fae-Cursed King",5,"Legendary Creature - Dragon Noble",BGR,"eld","329",mythic,Multicolored,Owned,Non-foil,mainboard,false,,,"","",78718,false,false,"Wisnu Tan"
"Kozilek, Butcher of Truth",10,"Legendary Creature - Eldrazi",,"2x2","2",mythic,Colorless,Owned,Non-foil,mainboard,false,,,"","",101488,false,false,"Michael Komarck"
"Kozilek, the Great Distortion",10,"Legendary Creature - Eldrazi",,"cmm","452",mythic,null,Owned,Etched,mainboard,false,,,"","",113249,false,false,"Aleksi Briclot"
"Krark, the Thumbless",2,"Legendary Creature - Goblin Wizard",R,"cmr","189",rare,Red,Owned,Non-foil,mainboard,false,,,"","",85160,false,false,"Mathias Kollros"
"Kraum, Ludevic's Opus",5,"Legendary Creature - Zombie Horror",RU,"c16","34",rare,Multicolored,Owned,Foil,mainboard,false,,,"","",-1,false,false,"Aaron Miller"
"Kroxa, Titan of Death's Hunger",2,"Legendary Creature - Elder Giant",BR,"thb","221",mythic,Multicolored,Owned,Non-foil,mainboard,false,,,"","",79566,false,false,"Vincent Proce"
"Kutzil, Malamet Exemplar",3,"Legendary Creature - Cat Warrior",GW,"lci","232",uncommon,Multicolored,Owned,Non-foil,mainboard,false,,,"","",118302,false,false,"Marie Magny"
"Kykar, Wind's Fury",4,"Legendary Creature - Bird Wizard",RUW,"moc","334",rare,Multicolored,Owned,Non-foil,mainboard,false,,,"","",111128,false,false,"G-host Lee"
"Last March of the Ents",8,"Sorcery",G,"ltr","172",mythic,Green,Owned,Non-foil,mainboard,false,,,"","",112254,false,false,"John Tedrick"
"Leovold, Emissary of Trest",3,"Legendary Creature - Elf Advisor",BGU,"uma","202",mythic,Multicolored,Owned,Non-foil,mainboard,false,,,"","",70037,false,false,"Magali Villeneuve"
"Library of Alexandria",0,"Land",,"vma","303",uncommon,Lands,Proxied,Non-foil,mainboard,false,,,"","",53159,false,false,"Drew Baker"
"Liesa, Shroud of Dusk",5,"Legendary Creature - Angel",BW,"cmr","286",rare,Multicolored,Owned,Non-foil,mainboard,false,,,"","",85354,false,false,"Slawomir Maniak"
"Life from the Loam",2,"Sorcery",G,"uma","172",rare,Green,Owned,Non-foil,mainboard,false,,,"","",70027,false,false,"Sung Choi"
"Lightning Bolt",1,"Instant",R,"2x2","117",rare,Red,Owned,Non-foil,mainboard,false,,,"","",101718,false,false,"Christopher Moeller"
"Lightning Greaves",2,"Artifact - Equipment",,"otc","260",uncommon,Colorless,Owned,Non-foil,mainboard,false,,,"","",124983,false,false,"Jeremy Jarvis"
"Liliana of the Veil",3,"Legendary Planeswalker - Liliana",B,"mm3","76",mythic,Black,Owned,Non-foil,mainboard,false,,,"","",63283,false,false,"Steve Argyle"
"Lim-Dûl's Vault",2,"Instant",BU,"c13","197",uncommon,Multicolored,Owned,Non-foil,mainboard,false,,,"","",51240,false,false,"Wayne England"
"Lion's Eye Diamond",0,"Artifact",,"mir","307",rare,Colorless,Proxied,Non-foil,mainboard,false,,,"","",7103,false,false,"Margaret Organ-Kean"
"Liquimetal Torque",2,"Artifact",,"mh2","228",uncommon,Colorless,Owned,Non-foil,mainboard,false,,,"","",90837,false,false,"Brian Snõddy"
"Lively Dirge",2,"Sorcery",B,"otj","93",uncommon,Black,Owned,Non-foil,mainboard,false,,,"","",124097,false,false,"Warren Mahy"
"Living Death",5,"Sorcery",B,"cmd","88",rare,Black,Owned,Non-foil,mainboard,false,,,"","",40480,false,false,"Charles Gillespie"
"Llanowar Elves",1,"Creature - Elf Druid",G,"dom","168",rare,Green,Owned,Non-foil,mainboard,false,,,"","",67801,false,false,"Chris Rahn"
"Lodestone Golem",4,"Artifact Creature - Golem",,"mm2","219",rare,Colorless,Owned,Non-foil,mainboard,false,,,"","",57168,false,false,"Chris Rahn"
"Longshot, Rebel Bowman",4,"Legendary Creature - Human Rebel Ally",R,"tle","120",uncommon,null,Owned,Non-foil,mainboard,false,,,"","",145638,false,false,"Morry Hollowell"
"Loran of the Third Path",3,"Legendary Creature - Human Artificer",W,"bro","12",rare,White,Owned,Non-foil,mainboard,false,,,"","",104642,false,false,"Steven Belledin"
"Lord Windgrace",5,"Legendary Planeswalker - Windgrace",BGR,"spg","14",mythic,Multicolored,Owned,Foil,mainboard,false,,,"","",117394,false,false,"April Prime"
"Lotho, Corrupt Shirriff",2,"Legendary Creature - Halfling Rogue",BW,"ltr","213",rare,null,Owned,Non-foil,mainboard,false,,,"","",112336,false,false,"Ilker Yildiz"
"Lotus Cobra",2,"Creature - Snake",G,"blc","229",rare,Green,Owned,Non-foil,mainboard,false,,,"","",128605,false,false,"Sam Rowan"
"Lotus Field",0,"Land",,"m20","249",rare,Lands,Owned,Non-foil,mainboard,false,,,"","",73397,false,false,"John Avon"
"Lotus Petal",0,"Artifact",,"tmp","294",common,Colorless,Owned,Non-foil,mainboard,false,,,"","",9475,false,false,"April Lee"
"Lotus Vale",0,"Land",,"wth","165",rare,Lands,Owned,Non-foil,mainboard,false,,,"","",9307,false,false,"John Avon"
"Lumra, Bellow of the Woods",6,"Legendary Creature - Elemental Bear",G,"blb","183",mythic,Green,Proxied,Non-foil,mainboard,false,,,"","",129611,false,false,"Matt Stewart"
"Lurrus of the Dream-Den",3,"Legendary Creature - Cat Nightmare",BW,"mul","51",rare,Multicolored,Owned,Non-foil,mainboard,false,,,"","",109324,false,false,"Steve Ellis"
"Lutri, the Spellchaser",3,"Legendary Creature - Elemental Otter",RU,"mul","52",rare,Multicolored,Owned,Non-foil,mainboard,false,,,"","",109326,false,false,"Justine Mara Andersen"
"Machine God's Effigy",4,"Artifact",,"brc","63",rare,null,Owned,Non-foil,mainboard,false,,,"","",-1,false,false,"Martin de Diego Sádaba"
"Madame Vastra",4,"Legendary Creature - Lizard Detective",GU,"who","142",rare,null,Owned,Foil,mainboard,false,,,"","",-1,false,false,"Syd Mills"
"Maelstrom Wanderer",8,"Legendary Creature - Elemental",GRU,"cmm","344",rare,Multicolored,Owned,Non-foil,mainboard,false,,,"","",114917,false,false,"Victor Adame Minguez"
"Magda, Brazen Outlaw",2,"Legendary Creature - Dwarf Berserker",R,"khm","142",rare,Red,Owned,Non-foil,mainboard,false,,,"","",87619,false,false,"Slawomir Maniak"
"Malcolm, Keen-Eyed Navigator",3,"Legendary Creature - Siren Pirate",U,"cmr","79",uncommon,Blue,Owned,Non-foil,mainboard,false,,,"","",84940,false,false,"Eric Deschamps"
"Mana Confluence",0,"Land",,"jou","163",rare,Lands,Proxied,Non-foil,mainboard,false,,,"","",52120,false,false,"Richard Wright"
"Mana Crypt",0,"Artifact",,"ema","225",mythic,Colorless,Owned,Non-foil,mainboard,false,,,"","",60697,false,false,"Matt Stewart"
"Mana Drain",2,"Instant",U,"cmr","80",mythic,Blue,Proxied,Non-foil,mainboard,false,,,"","",84942,false,false,"Raymond Swanland"
"Mana Geyser",5,"Sorcery",R,"scd","151",rare,Red,Owned,Non-foil,mainboard,false,,,"","",103880,false,false,"Martina Pilcerova"
"Mana Vault",1,"Artifact",,"2x2","308",rare,Colorless,Proxied,Non-foil,mainboard,false,,,"","",102100,false,false,"Christine Choi"
"Manifold Key",1,"Artifact",,"m20","230",uncommon,Colorless,Owned,Non-foil,mainboard,false,,,"","",73359,false,false,"Lake Hurwitz"
"Marionette Apprentice",2,"Creature - Human Artificer",B,"mh3","100",uncommon,Black,Owned,Non-foil,mainboard,false,,,"","",126217,false,false,"Steve Ellis"
"Memnite",0,"Artifact Creature - Construct",,"som","174",uncommon,Colorless,Owned,Non-foil,mainboard,false,,,"","",37979,false,false,"Svetlin Velinov"
"Memory Jar",5,"Artifact",,"ulg","129",mythic,Colorless,Owned,Non-foil,mainboard,false,,,"","",12697,false,false,"Donato Giancola"
"Mental Misstep",1,"Instant",U,"nph","38",uncommon,Blue,Owned,Non-foil,mainboard,false,,,"","",39920,false,false,"Erica Yang"
"Metallic Mimic",2,"Artifact Creature - Shapeshifter",,"inr","268",rare,Colorless,Owned,Non-foil,mainboard,false,,,"","",135972,false,false,"Maxime Minard"
"Metalworker",3,"Artifact Creature - Construct",,"uds","135",rare,Colorless,Proxied,Non-foil,mainboard,false,,,"","",12921,false,false,"Don Hazeltine"
"Metamorphosis Fanatic",6,"Creature - Human Cleric",B,"dsc","51",rare,Black,Owned,Non-foil,mainboard,false,,,"","",130725,false,false,"Andreas Zafiratos"
"Miku, Child of Song",5,"Legendary Creature - Avatar",BGRUW,"sld","1599",mythic,null,Owned,Non-foil,mainboard,false,,,"","",-1,false,false,"Aya Kato"
"Mind Stone",2,"Artifact",,"znc","114",uncommon,Colorless,Owned,Non-foil,mainboard,false,,,"","",-1,false,false,"Adam Rex"
"Mind's Desire",6,"Sorcery",U,"dds","4",rare,Blue,Owned,Non-foil,mainboard,false,,,"","",-1,false,false,"Anthony Francisco"
"Minsc & Boo, Timeless Heroes",4,"Legendary Planeswalker - Minsc",GR,"clb","285",mythic,Multicolored,Owned,Non-foil,mainboard,false,,,"","",100608,false,false,"Andreas Zafiratos"
"Minsc, Beloved Ranger",3,"Legendary Creature - Human Ranger",GRW,"afr","227",mythic,Multicolored,Owned,Non-foil,mainboard,false,,,"","",91956,false,false,"Howard Lyon"
"Mirage Mirror",3,"Artifact",,"m3c","300",rare,Colorless,Owned,Non-foil,mainboard,false,,,"","",127145,false,false,"Craig J Spearing"
"Mirrored Lotus",0,"Artifact",,"cmb2","107",rare,Colorless,Owned,Non-foil,mainboard,false,,,"","",-1,false,false,"Meris Mullaley"
"Miscast",1,"Instant",U,"m21","57",uncommon,Blue,Owned,Non-foil,mainboard,false,,,"","",81341,false,false,"Steve Argyle"
"Misdirection",5,"Instant",U,"cns","102",rare,Blue,Owned,Non-foil,mainboard,false,,,"","",-1,false,false,"Mathias Kollros"
"Mishra's Workshop",0,"Land",,"vma","305",rare,Lands,Proxied,Non-foil,mainboard,false,,,"","",53163,false,false,"Sam Burley"
"Mizzix's Mastery",4,"Sorcery",R,"sta","106",rare,Red,Owned,Non-foil,mainboard,false,,,"","",99611,false,false,"Hiro Suda"
"Mockingbird",1,"Creature - Bird Bard",U,"blb","61",rare,Blue,Owned,Non-foil,mainboard,false,,,"","",129367,false,false,"Aurore Folny"
"M'Odo, the Gnarled Oracle",3,"Legendary Creature - Zombie Elf Wizard",BGU,"ph17","3",mythic,null,Premium Owned,Non-foil,mainboard,false,,,"","",-1,false,false,"Johann Bodin"
"Molt Tender",1,"Creature - Insect Druid",G,"dft","171",uncommon,Green,Owned,Non-foil,mainboard,false,,,"","",136465,false,false,"Filip Burburan"
"Molten Duplication",2,"Sorcery",R,"big","14",mythic,Red,Owned,Non-foil,mainboard,false,,,"","",125389,false,false,"Justyna Dura"
"Monastery Mentor",3,"Creature - Human Monk",W,"mom","28",mythic,White,Owned,Non-foil,mainboard,false,,,"","",109862,false,false,"Brian Valeza"
"Moonshaker Cavalry",8,"Creature - Spirit Knight",W,"woe","21",mythic,White,Owned,Non-foil,mainboard,false,,,"","",116334,false,false,"Aldo Domínguez"
"More or Less",1,"Instant",U,"ust","40",uncommon,null,Owned,Non-foil,mainboard,false,,,"","",-1,false,false,"Chris Seaman"
"Mox Amber",0,"Legendary Artifact",,"dom","224",mythic,Colorless,Proxied,Non-foil,mainboard,false,,,"","",67913,false,false,"Steven Belledin"
"Mox Diamond",0,"Artifact",,"sth","138",mythic,Colorless,Proxied,Non-foil,mainboard,false,,,"","",10325,false,false,"Dan Frazier"
"Mox Opal",0,"Legendary Artifact",,"2xm","275",mythic,Colorless,Proxied,Non-foil,mainboard,false,,,"","",82584,false,false,"Volkan Baǵa"
"Mox Poison",0,"Artifact",,"mb2","608",rare,Colorless,Owned,Non-foil,mainboard,false,,,"","",-1,false,false,"Dan Frazier"
"Ms. Bumbleflower",4,"Legendary Creature - Rabbit Citizen",GUW,"blc","3",mythic,Multicolored,Owned,Non-foil,mainboard,false,,,"","",128995,false,false,"Marta Nael"
"Muddle the Mixture",2,"Instant",U,"rvr","50",uncommon,Blue,Owned,Non-foil,mainboard,false,,,"","",120627,false,false,"Luca Zontini"
"Myntasha, Honored One",4,"Legendary Snow Creature - Elk",G,"ph19","5",mythic,null,Premium Owned,Non-foil,mainboard,false,,,"","",-1,false,false,"Liiga Smilshkalne"
"Myrel, Shield of Argive",4,"Legendary Creature - Human Soldier",W,"bro","18",mythic,null,Owned,Non-foil,mainboard,false,,,"","",104654,false,false,"Ryan Pancoast"
"Mystic Remora",1,"Enchantment",U,"dmr","59",rare,Blue,Owned,Non-foil,mainboard,false,,,"","",107607,false,false,"Jesper Ejsing"
"Mystical Tutor",1,"Instant",U,"6ed","83",rare,Blue,Owned,Non-foil,mainboard,false,,,"","",-1,false,false,"David O'Connor"
"Nadu, Winged Wisdom",3,"Legendary Creature - Bird Wizard",GU,"mh3","193",rare,Multicolored,Owned,Non-foil,mainboard,false,,,"","",126403,false,false,"Daren Bader"
"Najeela, the Blade-Blossom",3,"Legendary Creature - Human Warrior",BGRUW,"bbd","62",mythic,Multicolored,Owned,Non-foil,mainboard,false,,,"","",68852,false,false,"Matt Stewart"
"Narset, Enlightened Exile",4,"Legendary Creature - Human Monk",RUW,"mat","38",mythic,Multicolored,Owned,Non-foil,mainboard,false,,,"","",109198,false,false,"Marie Magny"
"Narset, Parter of Veils",3,"Legendary Planeswalker - Narset",U,"war","61",uncommon,Blue,Owned,Non-foil,mainboard,false,,,"","",71728,false,false,"Magali Villeneuve"
"Natural Order",4,"Sorcery",G,"sta","117",mythic,Green,Owned,Non-foil,mainboard,false,,,"","",99633,false,false,"Ayami Nakashima"
"Nature's Rhythm",2,"Sorcery",G,"tdm","150",rare,Green,Owned,Non-foil,mainboard,false,,,"","",139257,false,false,"Liiga Smilshkalne"
"Necro-Impotence",3,"Enchantment",B,"unh","60",rare,Black,Owned,Non-foil,mainboard,false,,,"","",-1,false,false,"Mark Tedin"
"Necromancy",3,"Enchantment",B,"vis","64",uncommon,Black,Owned,Non-foil,mainboard,false,,,"","",7649,false,false,"Pete Venters"
"Necropotence",3,"Enchantment",B,"ima","98",mythic,Black,Owned,Non-foil,mainboard,false,,,"","",66075,false,false,"Dave Kendall"
"Neoform",2,"Sorcery",GU,"war","206",uncommon,Multicolored,Owned,Non-foil,mainboard,false,,,"","",72018,false,false,"Bram Sels"
"Nethroi, Apex of Death",5,"Legendary Creature - Cat Nightmare Beast",BGW,"iko","197",mythic,Multicolored,Owned,Non-foil,mainboard,false,,,"","",80403,false,false,"Slawomir Maniak"
"Nira, Hellkite Duelist",5,"Legendary Creature - Dragon",BGRUW,"phtr","3",mythic,null,Premium Owned,Non-foil,mainboard,false,,,"","",-1,false,false,"Yoichi Ito"
"Niv-Mizzet, Parun",6,"Legendary Creature - Dragon Wizard",RU,"grn","192",rare,Multicolored,Owned,Non-foil,mainboard,false,,,"","",69757,false,false,"Svetlin Velinov"
"Noble Hierarch",1,"Creature - Human Druid",G,"mm2","151",rare,Multicolored,Owned,Non-foil,mainboard,false,,,"","",57112,false,false,"Mark Zug"
"Norman Osborn",2,"Legendary Creature - Human Scientist Villain",UBR,"spm","39",mythic,Multicolored,Owned,Non-foil,mainboard,false,,,"","",153315,false,false,"Scott M. Fischer"
"Noxious Revival",1,"Instant",G,"spg","73",mythic,Green,Owned,Non-foil,mainboard,false,,,"","",131437,false,false,"Javier Charro"
"Nyxbloom Ancient",7,"Enchantment Creature - Elemental",G,"thb","190",mythic,Green,Owned,Non-foil,mainboard,false,,,"","",79504,false,false,"Filip Burburan"
"Ob Nixilis, the Adversary",3,"Legendary Planeswalker - Nixilis",BR,"snc","206",mythic,Multicolored,Owned,Non-foil,mainboard,false,,,"","",98631,false,false,"Yongjae Choi"
"Oblivion Crown",2,"Enchantment - Aura",B,"fut","73",common,null,Owned,Non-foil,mainboard,false,,,"","",26786,false,false,"Kev Walker"
"Ocelot Pride",1,"Creature - Cat",W,"mh3","38",mythic,White,Proxied,Non-foil,mainboard,false,,,"","",126093,false,false,"Chris Seaman"
"Oko, Thief of Crowns",3,"Legendary Planeswalker - Oko",GU,"eld","197",mythic,Multicolored,Owned,Non-foil,mainboard,false,,,"","",78538,false,false,"Yongjae Choi"
"Old Gnawbone",7,"Legendary Creature - Dragon",G,"afr","197",mythic,Green,Proxied,Non-foil,mainboard,false,,,"","",91896,false,false,"Filip Burburan"
"Omnath, Locus of Creation",4,"Legendary Creature - Elemental",GRUW,"znr","312",mythic,Multicolored,Owned,Non-foil,mainboard,false,,,"","",-1,false,false,"Bastien Grivet & Jessica Rossier"
"Once Upon a Time",2,"Instant",G,"eld","169",rare,Green,Owned,Non-foil,mainboard,false,,,"","",78478,false,false,"Matt Stewart"
"Opening Ceremony",6,"Sorcery",R,"unf","118",mythic,Multicolored,Owned,Non-foil,mainboard,false,,,"","",-1,false,false,"Greg Bobrowski"
"Opposition Agent",3,"Creature - Human Rogue",B,"cmr","141",rare,Black,Proxied,Non-foil,mainboard,false,,,"","",85064,false,false,"Scott Murphy"
"Orcish Bowmasters",2,"Creature - Orc Archer",B,"ltr","103",rare,Black,Proxied,Non-foil,mainboard,false,,,"","",112116,false,false,"Maxim Kostin"
"Orim's Chant",1,"Instant",W,"mh3","265",rare,White,Owned,Non-foil,mainboard,false,,,"","",125941,false,false,"Kev Walker"
"Ornithopter",0,"Artifact Creature - Thopter",,"dmr","386",common,Colorless,Owned,Non-foil,mainboard,false,,,"","",107457,false,false,"Franz Vohwinkel"
"Orzhov Signet",2,"Artifact",BW,"rvr","263",uncommon,Multicolored,Owned,Non-foil,mainboard,false,,,"","",121093,false,false,"Greg Hildebrandt"
"Oswald Fiddlebender",2,"Legendary Creature - Gnome Artificer",W,"afr","28",rare,White,Owned,Non-foil,mainboard,false,,,"","",91558,false,false,"Steven Belledin"
"Otawara, Soaring City",0,"Legendary Land",U,"neo","271",rare,Lands,Proxied,Non-foil,mainboard,false,,,"","",97492,false,false,"Alayna Danner"
"Othelm, Sigardian Outcast",3,"Legendary Creature - Human",GW,"slx","6",rare,null,Owned,Non-foil,mainboard,false,,,"","",105939,false,false,"Alexey Kruglov"
"Ozai, the Phoenix King",6,"Legendary Creature - Human Noble",BR,"tla","235",mythic,null,Owned,Non-foil,mainboard,false,,,"","",144962,false,false,"Kekai Kotaki"
"Pact of Negation",0,"Instant",U,"tsr","77",rare,Blue,Owned,Non-foil,mainboard,false,,,"","",86517,false,false,"Jason Chan"
"Pair o' Dice Lost",5,"Instant",G,"unf","149",uncommon,Green,Owned,Non-foil,mainboard,false,,,"","",115768,false,false,"Bruce Brenneise"
"Palinchron",7,"Creature - Illusion",U,"ulg","38",rare,Blue,Owned,Non-foil,mainboard,false,,,"","",12469,false,false,"Matthew D. Wilson"
"Panoptic Mirror",5,"Artifact",,"dst","136",rare,null,Owned,Non-foil,mainboard,false,,,"","",20411,false,false,"Glen Angus"
"Paradise Mantle",0,"Artifact - Equipment",,"5dn","142",uncommon,Colorless,Owned,Non-foil,mainboard,false,,,"","",20898,false,false,"Greg Hildebrandt"
"Paradox Engine",5,"Legendary Artifact",,"aer","169",mythic,Colorless,Owned,Non-foil,mainboard,false,,,"","",62911,false,false,"Christine Choi"
"Park Map",1,"Artifact",,"unf","190",common,null,Owned,Non-foil,mainboard,false,,,"","",-1,false,false,"Kirsten Zirngibl"
"Past in Flames",4,"Sorcery",R,"isd","155",mythic,Red,Owned,Non-foil,mainboard,false,,,"","",42712,false,false,"Anthony Jones"
"Path to Exile",1,"Instant",W,"cmm","49",uncommon,White,Owned,Foil,mainboard,false,,,"","",115197,false,false,"Todd Lockwood"
"Peer into the Abyss",7,"Sorcery",B,"m21","117",rare,Black,Owned,Non-foil,mainboard,false,,,"","",81461,false,false,"Izzy"
"Peregrine Drake",5,"Creature - Drake",U,"dmr","65",uncommon,Blue,Owned,Non-foil,mainboard,false,,,"","",107619,false,false,"Mike Bierek"
"Permission Denied",2,"Instant",UW,"rex","42",rare,Multicolored,Owned,Non-foil,mainboard,false,,,"","",-1,false,false,"Leonardo Santanna"
"Peter Parker",2,"Legendary Creature - Human Scientist Hero",WGU,"spm","10",mythic,Multicolored,Owned,Non-foil,mainboard,false,,,"","",153255,false,false,"Thanh Tuấn"
"Peter Parker's Camera",1,"Artifact",,"spm","171",rare,Colorless,Owned,Non-foil,mainboard,false,,,"","",153585,false,false,"Lixin Yin"
"Phantasmal Image",2,"Creature - Illusion",U,"m12","72",mythic,Blue,Owned,Non-foil,mainboard,false,,,"","",41369,false,false,"Nils Hamm"
"Phelia, Exuberant Shepherd",2,"Legendary Creature - Dog",W,"mh3","40",rare,White,Owned,Foil,mainboard,false,,,"","",126097,false,false,"Rudy Siswanto"
"Phlage, Titan of Fire's Fury",3,"Legendary Creature - Elder Giant",RW,"mh3","197",mythic,Multicolored,Owned,Non-foil,mainboard,false,,,"","",126413,false,false,"Lucas Graciano"
"Phyrexian Altar",3,"Artifact",,"2x2","311",rare,Colorless,Proxied,Non-foil,mainboard,false,,,"","",102106,false,false,"Yigit Koroglu"
"Phyrexian Censor",3,"Creature - Phyrexian Wizard",W,"mom","31",uncommon,White,Owned,Non-foil,mainboard,false,,,"","",109868,false,false,"Alexey Kruglov"
"Phyrexian Metamorph",4,"Artifact Creature - Phyrexian Shapeshifter",U,"2xm","61",rare,Blue,Owned,Non-foil,mainboard,false,,,"","",82156,false,false,"Jana Schirmer & Johannes Voss"
"Phyrexian Tower",0,"Legendary Land",,"uma","248",mythic,Lands,Owned,Non-foil,mainboard,false,,,"","",70573,false,false,"Dimitar Marinski"
"Pinnacle Monk",5,"Creature - Djinn Monk",R,"mh3","246",uncommon,Red,Owned,Non-foil,mainboard,false,,,"","",126529,false,false,"Jason A. Engle"
"Pitiless Plunderer",4,"Creature - Human Pirate",B,"j25","476",uncommon,Black,Owned,Non-foil,mainboard,false,,,"","",-1,false,false,"David Palumbo"
"Port Razer",5,"Creature - Orc Pirate",R,"lcc","230",mythic,null,Owned,Non-foil,mainboard,false,,,"","",118860,false,false,"Craig J Spearing"
"Praetor's Grasp",3,"Sorcery",B,"nph","71",rare,Black,Owned,Non-foil,mainboard,false,,,"","",39838,false,false,"Steve Argyle"
"Primeval Titan",6,"Creature - Giant",G,"tsr","365",mythic,Green,Owned,Non-foil,mainboard,false,,,"","",87107,false,false,"Aleksi Briclot"
"Profane Tutor",0,"Sorcery",B,"mh2","97",rare,Black,Owned,Non-foil,mainboard,false,,,"","",90567,false,false,"Richard Kane Ferguson"
"Professional Face-Breaker",3,"Creature - Human Warrior",R,"m3c","216",rare,Red,Owned,Non-foil,mainboard,false,,,"","",126973,false,false,"Dan Murayama Scott"
"Prophet of Kruphix",5,"Creature - Human Wizard",GU,"ths","199",rare,Multicolored,Owned,Non-foil,mainboard,false,,,"","",50618,false,false,"Winona Nelson"
"Prossh, Skyraider of Kher",6,"Legendary Creature - Dragon",BGR,"cmr","530",mythic,Multicolored,Owned,Etched,mainboard,false,,,"","",-1,false,false,"Todd Lockwood"
"Putrid Imp",1,"Creature - Zombie Imp",B,"tor","77",common,Black,Owned,Non-foil,mainboard,false,,,"","",17167,false,false,"Wayne England"
"Pyrokinesis",6,"Instant",R,"ema","143",uncommon,Red,Owned,Non-foil,mainboard,false,,,"","",60787,false,false,"Igor Kieryluk"
"Quantum Riddler",5,"Creature - Sphinx",U,"eoe","72",mythic,Blue,Proxied,Non-foil,mainboard,false,,,"","",142757,false,false,"Izzy"
"Queen Kayla bin-Kroog",3,"Legendary Creature - Human Noble",RW,"bro","218",rare,Multicolored,Owned,Non-foil,mainboard,false,,,"","",105058,false,false,"Cristi Balanescu"
"Ragavan, Nimble Pilferer",1,"Legendary Creature - Monkey Pirate",R,"mh2","138",mythic,Red,Proxied,Non-foil,mainboard,false,,,"","",90653,false,false,"Simon Dominic"
"Rain of Filth",1,"Instant",B,"usg","151",uncommon,Black,Owned,Non-foil,mainboard,false,,,"","",11929,false,false,"Stephen Daniele"
"Rakdos Signet",2,"Artifact",BR,"lcc","311",uncommon,Multicolored,Owned,Non-foil,mainboard,false,,,"","",119022,false,false,"Martina Pilcerova"
"Rakdos, the Muscle",5,"Legendary Creature - Demon Mercenary",BR,"otj","226",mythic,Multicolored,Owned,Foil,mainboard,false,,,"","",124363,false,false,"Victor Maury"
"Ral, Monsoon Mage",2,"Legendary Creature - Human Wizard",RU,"mh3","247",mythic,Multicolored,Owned,Non-foil,mainboard,false,,,"","",126533,false,false,"Dmitry Burmak"
"Ranger-Captain of Eos",3,"Creature - Human Soldier Ranger",W,"mh1","21",mythic,White,Proxied,Non-foil,mainboard,false,,,"","",72414,false,false,"Ryan Pancoast"
"Ravages of War",4,"Sorcery",W,"pip","354",rare,White,Owned,Foil,mainboard,false,,,"","",-1,false,false,"AKQA"
"Razaketh, the Foulblooded",8,"Legendary Creature - Demon",B,"cmm","181",mythic,Black,Owned,Non-foil,mainboard,false,,,"","",115461,false,false,"Chris Rallis"
"Reanimate",1,"Sorcery",B,"tmp","151",rare,Black,Owned,Non-foil,mainboard,false,,,"","",9989,false,false,"Robert Bliss"
"Recruiter of the Guard",3,"Creature - Human Soldier",W,"mh3","266",mythic,White,Owned,Foil,mainboard,false,,,"","",125943,false,false,"Eric Wilkerson"
"Recurring Nightmare",3,"Enchantment",B,"exo","72",rare,Black,Owned,Non-foil,mainboard,false,,,"","",10583,false,false,"Jeff Laubenstein"
"Redirect Lightning",1,"Instant - Lesson",R,"tla","151",rare,null,Owned,Non-foil,mainboard,false,,,"","",144786,false,false,"Toni Infante"
"Regrowth",2,"Sorcery",G,"sta","119",uncommon,Green,Owned,Non-foil,mainboard,false,,,"","",99637,false,false,"Romiy"
"Relic of Legends",3,"Artifact",,"dmu","236",uncommon,Colorless,Owned,Non-foil,mainboard,false,,,"","",102948,false,false,"Titus Lunter"
"Rhystic Study",3,"Enchantment",U,"pcy","45",rare,Blue,Owned,Non-foil,mainboard,false,,,"","",14171,false,false,"Terese Nielsen"
"Rings of Brighthearth",3,"Artifact",,"cmr","335",rare,Colorless,Owned,Foil,mainboard,false,,,"","",85452,false,false,"Howard Lyon"
"Rionya, Fire Dancer",5,"Legendary Creature - Human Wizard",R,"c21","55",rare,Red,Owned,Non-foil,mainboard,false,,,"","",89853,false,false,"Heonhwa"
"Roaming Throne",4,"Artifact Creature - Golem",,"lci","258",rare,Colorless,Proxied,Non-foil,mainboard,false,,,"","",118358,false,false,"Cristi Balanescu"
"Rograkh, Son of Rohgahh",0,"Legendary Creature - Kobold Warrior",R,"cmr","197",rare,Red,Owned,Non-foil,mainboard,false,,,"","",85176,false,false,"Chris Seaman"
"Rogue's Passage",0,"Land",,"mic","179",uncommon,Lands,Owned,Non-foil,mainboard,false,,,"","",93774,false,false,"Christine Choi"
"Rona, Herald of Invasion",2,"Legendary Creature - Human Wizard",UB,"mom","295",rare,Multicolored,Owned,Non-foil,mainboard,false,,,"","",109496,false,false,"Daniel Lieske"
"Roxanne, Starfall Savant",5,"Legendary Creature - Cat Druid",GR,"otj","228",rare,null,Owned,Foil,mainboard,false,,,"","",124367,false,false,"Ina Wong"
"Rules Lawyer",5,"Artifact Creature - Cyborg Advisor",W,"ulst","7",rare,White,Owned,Non-foil,mainboard,false,,,"","",-1,false,false,"Sean Murray"
"Rune-Scarred Demon",7,"Creature - Demon",B,"fdn","184",rare,null,Owned,Non-foil,mainboard,false,,,"","",133394,false,false,"Michael Komarck"
"Ruric Thar, the Unbowed",6,"Legendary Creature - Ogre Warrior",GR,"2x2","271",rare,Multicolored,Owned,Non-foil,mainboard,false,,,"","",102026,false,false,"Tyler Jacobson"
"Ruthless Technomancer",4,"Creature - Human Wizard",B,"j25","484",rare,Black,Owned,Non-foil,mainboard,false,,,"","",-1,false,false,"PINDURSKI"
"Sacrifice",1,"Instant",B,"spg","69",mythic,Black,Owned,Non-foil,mainboard,false,,,"","",131429,false,false,"David Palumbo"
"Sakashima of a Thousand Faces",4,"Legendary Creature - Human Rogue",U,"cmr","89",mythic,Blue,Owned,Non-foil,mainboard,false,,,"","",84960,false,false,"Jason A. Engle"
"Sakashima the Impostor",4,"Legendary Creature - Human Rogue",U,"sok","53",rare,Blue,Owned,Non-foil,mainboard,false,,,"","",22092,false,false,"rk post"
"Sami, Wildcat Captain",6,"Legendary Creature - Human Artificer Rogue",RW,"eoe","226",mythic,Multicolored,Owned,Non-foil,mainboard,false,,,"","",143065,false,false,"Kieran Yanner"
"Samwise Gamgee",2,"Legendary Creature - Halfling Peasant",GW,"ltr","222",rare,Multicolored,Owned,Non-foil,mainboard,false,,,"","",112354,false,false,"Ekaterina Burmak"
"Saskia the Unyielding",4,"Legendary Creature - Human Soldier",BGRW,"c16","41",mythic,Multicolored,Owned,Foil,mainboard,false,,,"","",-1,false,false,"Greg Opalinski"
"Sauron, the Dark Lord",6,"Legendary Creature - Avatar Horror",BRU,"ltr","224",mythic,Multicolored,Owned,Non-foil,mainboard,false,,,"","",112358,false,false,"Kieran Yanner"
"Saw in Half",3,"Instant",B,"blc","113",rare,Black,Owned,Non-foil,mainboard,false,,,"","",128875,false,false,"Alexander Mokhov"
"Scapeshift",4,"Sorcery",G,"m19","201",mythic,Green,Owned,Non-foil,mainboard,false,,,"","",68563,false,false,"Daniel Ljunggren"
"Scorched Ruins",0,"Land",,"wth","166",rare,null,Proxied,Non-foil,mainboard,false,,,"","",9305,false,false,"John Avon"
"Scourge of the Throne",6,"Creature - Dragon",R,"tdc","230",rare,null,Owned,Non-foil,mainboard,false,,,"","",138397,false,false,"Michael Komarck"
"Scrawling Crawler",3,"Artifact Creature - Phyrexian Construct",,"fdn","132",rare,Colorless,Owned,Non-foil,mainboard,false,,,"","",133832,false,false,"Miro Petrov"
"Scute Swarm",3,"Creature - Insect",G,"m3c","245",rare,Green,Owned,Non-foil,mainboard,false,,,"","",127031,false,false,"Alex Konstad"
"Seedborn Muse",5,"Creature - Spirit",G,"10e","296",rare,Green,Owned,Non-foil,mainboard,false,,,"","",27536,false,false,"Adam Rex"
"Seething Song",3,"Instant",R,"c21","179",common,Red,Owned,Non-foil,mainboard,false,,,"","",89459,false,false,"Martina Pilcerova"
"Selesnya Signet",2,"Artifact",GW,"rvr","267",common,Multicolored,Owned,Non-foil,mainboard,false,,,"","",121101,false,false,"Greg Hildebrandt"
"Sensei's Divining Top",1,"Artifact",,"ema","232",uncommon,Colorless,Owned,Non-foil,mainboard,false,,,"","",60617,false,false,"Rob Alexander"
"Sephiroth, Fabled SOLDIER",3,"Legendary Creature - Human Avatar Soldier",B,"fin","115",mythic,Black,Owned,Non-foil,mainboard,false,,,"","",141159,false,false,"Wisnu Tan"
"Sevinne's Reclamation",3,"Sorcery",W,"mh3","267",rare,White,Owned,Non-foil,mainboard,false,,,"","",125945,false,false,"Zoltan Boros"
"Shallow Grave",2,"Instant",B,"mir","141",rare,Black,Proxied,Non-foil,mainboard,false,,,"","",7297,false,false,"John Coulthart"
"Shatterskull Smashing",2,"Sorcery",R,"znr","161",mythic,Red,Owned,Non-foil,mainboard,false,,,"","",83297,false,false,"Adam Paquette"
"Sheoldred, the Apocalypse",4,"Legendary Creature - Phyrexian Praetor",B,"dmu","107",mythic,Black,Proxied,Non-foil,mainboard,false,,,"","",102690,false,false,"Chris Rahn"
"Shifting Woodland",0,"Land",,"mh3","228",rare,Lands,Owned,Non-foil,mainboard,false,,,"","",126475,false,false,"Josu Hernaiz"
"Shorikai, Genesis Engine",4,"Legendary Artifact - Vehicle",UW,"nec","4",mythic,Multicolored,Owned,Non-foil,mainboard,false,,,"","",-1,false,false,"Wisnu Tan"
"Sickening Shoal",2,"Instant - Arcane",B,"bok","82",rare,null,Owned,Non-foil,mainboard,false,,,"","",21683,false,false,"Dan Murayama Scott"
"Sidar Kondo of Jamuraa",4,"Legendary Creature - Human Knight",GW,"mkc","219",mythic,Multicolored,Owned,Non-foil,mainboard,false,,,"","",122586,false,false,"Ryan Alexander Lee"
"Silas Renn, Seeker Adept",3,"Legendary Artifact Creature - Human",BU,"brc","129",mythic,Multicolored,Owned,Non-foil,mainboard,false,,,"","",105380,false,false,"Joseph Meehan"
"Silence",1,"Instant",W,"m10","31",rare,White,Owned,Non-foil,mainboard,false,,,"","",32853,false,false,"Wayne Reynolds"
"Simian Spirit Guide",3,"Creature - Ape Spirit",R,"tsr","190",common,Red,Owned,Non-foil,mainboard,false,,,"","",86755,false,false,"Lucas Graciano"
"Simic Signet",2,"Artifact",GU,"cmr","471",uncommon,Multicolored,Owned,Non-foil,mainboard,false,,,"","",85754,false,false,"Mike Sass"
"Sink into Stupor",3,"Instant",U,"mh3","241",uncommon,Blue,Owned,Non-foil,mainboard,false,,,"","",126509,false,false,"Peter Polach"
"Sisay, Weatherlight Captain",3,"Legendary Creature - Human Soldier",BGRUW,"mh1","29",rare,Multicolored,Owned,Non-foil,mainboard,false,,,"","",72430,false,false,"Anna Steinbauer"
"Six",3,"Legendary Creature - Treefolk",G,"mh3","169",rare,Green,Owned,Foil,mainboard,false,,,"","",126355,false,false,"Andrew Mar"
"Skirge Familiar",5,"Creature - Phyrexian Imp",B,"mh2","276",uncommon,Black,Owned,Non-foil,mainboard,false,,,"","",90975,false,false,"Uriah Voth"
"Skullclamp",1,"Artifact - Equipment",,"dst","140",uncommon,Colorless,Owned,Non-foil,mainboard,false,,,"","",20551,false,false,"Luca Zontini"
"Slaughter Pact",0,"Instant",B,"tsr","138",rare,Black,Owned,Non-foil,mainboard,false,,,"","",86639,false,false,"Kev Walker"
"Slivdrazi Monstrosity",6,"Legendary Creature - Sliver Eldrazi",BGRUW,"cmb2","102",rare,null,Owned,Non-foil,mainboard,false,,,"","",-1,false,false,"Justin Cornell"
"Smothering Tithe",4,"Enchantment",W,"2x2","31",mythic,White,Owned,Non-foil,mainboard,false,,,"","",101546,false,false,"Mark Behm"
"Snap",2,"Instant",U,"dmr","66",common,Blue,Owned,Non-foil,mainboard,false,,,"","",107621,false,false,"Mike Raabe"
"Snuff Out",4,"Instant",B,"mmq","162",common,Black,Owned,Non-foil,mainboard,false,,,"","",13495,false,false,"Mike Ploog"
"Solitude",5,"Creature - Elemental Incarnation",W,"mh2","32",mythic,White,Proxied,Non-foil,mainboard,false,,,"","",90433,false,false,"Evan Shipard"
"Songs of the Damned",1,"Instant",B,"uma","115",uncommon,Black,Owned,Non-foil,mainboard,false,,,"","",70303,false,false,"Robbie Trevino"
"Sophina, Spearsage Deserter",4,"Legendary Creature - Human Soldier",RW,"slx","7",rare,null,Owned,Non-foil,mainboard,false,,,"","",105941,false,false,"Bartek Fedyczak"
"Soul Partition",2,"Instant",W,"bro","26",rare,White,Owned,Non-foil,mainboard,false,,,"","",104670,false,false,"Kekai Kotaki"
"Sovereign's Realm",0,"Conspiracy",,"cn2","10",mythic,Colorless,Owned,Non-foil,mainboard,false,,,"","",-1,false,false,"Daniel Ljunggren"
"Sowing Mycospawn",4,"Creature - Eldrazi Fungus",G,"mh3","170",rare,Green,Owned,Non-foil,mainboard,false,,,"","",126357,false,false,"Slawomir Maniak"
"Spell Pierce",1,"Instant",U,"soa","88",common,Blue,Owned,Non-foil,mainboard,false,,,"","",148483,false,false,"Shie Nanahara"
"Spellskite",2,"Artifact Creature - Phyrexian Horror",U,"nph","159",rare,Blue,Owned,Non-foil,mainboard,false,,,"","",39778,false,false,"Chippy"
"Sphere of Resistance",2,"Artifact",,"exo","139",rare,Colorless,Owned,Non-foil,mainboard,false,,,"","",10629,false,false,"Doug Chaffee"
"Spider-Punk",2,"Legendary Creature - Spider Human Hero",R,"spm","92",rare,Red,Owned,Non-foil,mainboard,false,,,"","",153425,false,false,"Forrest Imel"
"Splendid Reclamation",4,"Sorcery",G,"emn","171",rare,Green,Owned,Non-foil,mainboard,false,,,"","",61442,false,false,"Wesley Burt"
"Splinter Twin",4,"Enchantment - Aura",R,"mm2","129",rare,Red,Owned,Non-foil,mainboard,false,,,"","",57186,false,false,"Goran Josic"
"Springheart Nantuko",2,"Enchantment Creature - Insect Monk",G,"mh3","171",rare,Green,Owned,Foil,mainboard,false,,,"","",126359,false,false,"Valera Lutfullina"
"Springleaf Drum",1,"Artifact",,"brr","55",uncommon,Colorless,Owned,Non-foil,mainboard,false,,,"","",104528,false,false,"Seb McKinnon"
"Staff of Compleation",3,"Artifact",,"one","242",mythic,Colorless,Owned,Non-foil,mainboard,false,,,"","",106699,false,false,"Igor Krstic"
"Staff of Domination",3,"Artifact",,"brr","56",mythic,Colorless,Owned,Non-foil,mainboard,false,,,"","",104530,false,false,"Ben Thompson"
"Starfall Invocation",5,"Sorcery",W,"blb","34",rare,White,Owned,Non-foil,mainboard,false,,,"","",129313,false,false,"Rob Rey"
"Starfield Vocalist",4,"Creature - Human Bard",U,"eoe","78",rare,Blue,Owned,Non-foil,mainboard,false,,,"","",142769,false,false,"Nathaniel Himawan"
"Static Orb",3,"Artifact",,"7ed","319",rare,Colorless,Owned,Non-foil,mainboard,false,,,"","",15870,false,false,"Terese Nielsen"
"Stinkweed Imp",3,"Creature - Imp",B,"rav","107",special,Black,Owned,Non-foil,mainboard,false,,,"","",23280,false,false,"Edward P. Beard, Jr."
"Storm-Kiln Artist",4,"Creature - Dwarf Shaman",R,"otc","181",uncommon,Red,Owned,Non-foil,mainboard,false,,,"","",124821,false,false,"Manuel Castañón"
"Stormscale Scion",6,"Creature - Dragon",R,"tdm","123",mythic,Red,Owned,Non-foil,mainboard,false,,,"","",139199,false,false,"Andrew Mar"
"Stormsplitter",4,"Creature - Otter Wizard",R,"blb","154",mythic,Red,Owned,Non-foil,mainboard,false,,,"","",129553,false,false,"Lius Lasahido"
"Strip Mine",0,"Land",,"ath","77",mythic,Lands,Owned,Non-foil,mainboard,false,,,"","",-1,false,false,"Daniel Gelon"
"Strix Serenade",1,"Instant",U,"mh3","71",rare,Blue,Owned,Foil,mainboard,false,,,"","",126159,false,false,"Filipe Pagliuso"
"Stroke of Midnight",3,"Instant",W,"woe","33",uncommon,White,Owned,Non-foil,mainboard,false,,,"","",116358,false,false,"Julia Metzger"
"Stunt Double",4,"Creature - Shapeshifter",U,"cn2","38",rare,Blue,Owned,Non-foil,mainboard,false,,,"","",-1,false,false,"Joseph Meehan"
"Subtlety",4,"Creature - Elemental Incarnation",U,"mh2","67",mythic,Blue,Owned,Non-foil,mainboard,false,,,"","",90507,false,false,"Anastasia Ovchinnikova"
"Summon the Pack",8,"Sorcery",B,"ust","74",mythic,Black,Owned,Non-foil,mainboard,false,,,"","",-1,false,false,"Matt Cavotta"
"Summoner's Pact",0,"Instant",G,"tsr","234",rare,Green,Owned,Non-foil,mainboard,false,,,"","",86843,false,false,"Chippy"
"Sundering Titan",8,"Artifact Creature - Golem",,"a25","233",mythic,Colorless,Owned,Non-foil,mainboard,false,,,"","",67380,false,false,"Grzegorz Rutkowski"
"Superior Spider-Man",4,"Legendary Creature - Spider Human Hero",BU,"spm","155",rare,Multicolored,Owned,Non-foil,mainboard,false,,,"","",153553,false,false,"Carlos Dattoli"
"Supreme Verdict",4,"Sorcery",UW,"rtr","201",rare,Multicolored,Owned,Non-foil,mainboard,false,,,"","",46483,false,false,"Sam Burley"
"Survival of the Fittest",2,"Enchantment",G,"exo","129",rare,Green,Proxied,Non-foil,mainboard,false,,,"","",10709,false,false,"Pete Venters"
"Swan Song",1,"Instant",U,"ths","65",rare,Blue,Owned,Non-foil,mainboard,false,,,"","",50440,false,false,"Peter Mohrbacher"
"Swift Reconfiguration",1,"Enchantment - Aura",W,"nec","10",rare,White,Owned,Non-foil,mainboard,false,,,"","",-1,false,false,"Nicholas Gregory"
"Swiftfoot Boots",2,"Artifact - Equipment",,"tdc","328",uncommon,null,Owned,Non-foil,mainboard,false,,,"","",138597,false,false,"Svetlin Velinov"
"Sword of Feast and Famine",3,"Artifact - Equipment",,"2xm","296",mythic,null,Proxied,Non-foil,mainboard,false,,,"","",82626,false,false,"Chris Rahn"
"Swords to Plowshares",1,"Instant",W,"ncc","211",uncommon,White,Owned,Non-foil,mainboard,false,,,"","",-1,false,false,"Jesper Ejsing"
"Sylvan Library",2,"Enchantment",G,"dmr","179",mythic,Green,Proxied,Non-foil,mainboard,false,,,"","",107847,false,false,"Yeong-Hao Han"
"Sylvan Safekeeper",1,"Creature - Human Wizard",G,"mh3","287",rare,Green,Owned,Foil,mainboard,false,,,"","",125985,false,false,"Magali Villeneuve"
"Talion, the Kindly Lord",4,"Legendary Creature - Faerie Noble",BU,"woe","215",mythic,Multicolored,Owned,Non-foil,mainboard,false,,,"","",116774,false,false,"Justyna Dura"
"Talisman of Conviction",2,"Artifact",RW,"cmm","978",uncommon,Multicolored,Owned,Non-foil,mainboard,false,,,"","",114297,false,false,"Lindsey Look"
"Talisman of Creativity",2,"Artifact",RU,"m3c","308",uncommon,Multicolored,Owned,Non-foil,mainboard,false,,,"","",127161,false,false,"Lindsey Look"
"Talisman of Curiosity",2,"Artifact",GU,"m3c","309",uncommon,Multicolored,Owned,Non-foil,mainboard,false,,,"","",127163,false,false,"Lindsey Look"
"Talisman of Dominance",2,"Artifact",BU,"m3c","310",uncommon,Multicolored,Owned,Non-foil,mainboard,false,,,"","",127165,false,false,"Mike Dringenberg"
"Talisman of Hierarchy",2,"Artifact",BW,"lcc","315",uncommon,Multicolored,Owned,Non-foil,mainboard,false,,,"","",119030,false,false,"Lindsey Look"
"Talisman of Impulse",2,"Artifact",GR,"blc","287",uncommon,Multicolored,Owned,Non-foil,mainboard,false,,,"","",128721,false,false,"Mike Dringenberg"
"Talisman of Indulgence",2,"Artifact",BR,"m3c","312",uncommon,Multicolored,Owned,Non-foil,mainboard,false,,,"","",127169,false,false,"Mike Dringenberg"
"Talisman of Progress",2,"Artifact",UW,"cmm","980",uncommon,Multicolored,Owned,Non-foil,mainboard,false,,,"","",114301,false,false,"Mike Dringenberg"
"Talisman of Resilience",2,"Artifact",BG,"m3c","314",uncommon,Multicolored,Owned,Non-foil,mainboard,false,,,"","",127173,false,false,"Lindsey Look"
"Talisman of Unity",2,"Artifact",GW,"mkc","244",uncommon,Multicolored,Owned,Non-foil,mainboard,false,,,"","",122636,false,false,"Mike Dringenberg"
"Talon Gates of Madara",0,"Land - Gate",,"m3c","134",rare,Lands,Proxied,Non-foil,mainboard,false,,,"","",127467,false,false,"Steven Belledin"
"Tameshi, Reality Architect",3,"Legendary Creature - Moonfolk Wizard",UW,"neo","82",rare,Multicolored,Owned,Non-foil,mainboard,false,,,"","",97084,false,false,"Scott M. Fischer"
"Tamiyo, Inquisitive Student",1,"Legendary Creature - Moonfolk Wizard",GU,"mh3","242",mythic,Multicolored,Owned,Non-foil,mainboard,false,,,"","",126513,false,false,"Magali Villeneuve"
"Tana, the Bloodsower",4,"Legendary Creature - Elf Druid",GR,"c16","45",mythic,Multicolored,Owned,Foil,mainboard,false,,,"","",-1,false,false,"Magali Villeneuve"
"Tangle Wire",3,"Artifact",,"nem","139",mythic,Colorless,Owned,Non-foil,mainboard,false,,,"","",13809,false,false,"Glen Angus"
"Tarnation Vista",0,"Land",,"big","30",mythic,null,Owned,Foil,mainboard,false,,,"","",125421,false,false,"Alayna Danner"
"Tarnished Citadel",0,"Land",,"ody","329",rare,null,Owned,Non-foil,mainboard,false,,,"","",16437,false,false,"David Martin"
"Tasigur, the Golden Fang",6,"Legendary Creature - Human Shaman",BGU,"frf","87",rare,Multicolored,Owned,Non-foil,mainboard,false,,,"","",55338,false,false,"Chris Rahn"
"Tataru Taru",2,"Legendary Creature - Dwarf Advisor",W,"fic","30",rare,White,Owned,Non-foil,mainboard,false,,,"","",140051,false,false,"Livia Prima"
"Tayam, Luminous Enigma",4,"Legendary Creature - Nightmare Beast",BGW,"c20","16",mythic,Multicolored,Owned,Foil,mainboard,false,,,"","",80755,false,false,"Sam Burley"
"Teferi, Hero of Dominaria",5,"Legendary Planeswalker - Teferi",UW,"dom","207",mythic,Multicolored,Owned,Non-foil,mainboard,false,,,"","",67879,false,false,"Chris Rallis"
"Teferi, Time Raveler",3,"Legendary Planeswalker - Teferi",UW,"rvr","232",rare,Multicolored,Owned,Non-foil,mainboard,false,,,"","",120991,false,false,"Chris Rallis"
"Temporal Manipulation",5,"Sorcery",U,"j15","1",rare,null,Owned,Non-foil,mainboard,false,,,"","",-1,false,false,"Franz Vohwinkel"
"Tendrils of Agony",4,"Sorcery",B,"sta","97",uncommon,Black,Owned,Non-foil,mainboard,false,,,"","",99593,false,false,"Daken"
"Terra, Herald of Hope",3,"Legendary Creature - Human Wizard Warrior",BRW,"fic","223",mythic,Multicolored,Owned,Non-foil,mainboard,false,,,"","",-1,false,false,"Marta Nael"
"Terror of the Peaks",5,"Creature - Dragon",R,"otj","149",mythic,Red,Proxied,Non-foil,mainboard,false,,,"","",124209,false,false,"Joshua Raphael"
"Teshar, Ancestor's Apostle",4,"Legendary Creature - Bird Cleric",W,"cmm","65",uncommon,White,Owned,Non-foil,mainboard,false,,,"","",115229,false,false,"Even Amundsen"
"Teval, Arbiter of Virtue",5,"Legendary Creature - Spirit Dragon",BGU,"tdm","230",mythic,Multicolored,Owned,Non-foil,mainboard,false,,,"","",139425,false,false,"Alexander Ostrowski"
"Tevesh Szat, Doom of Fools",5,"Legendary Planeswalker - Szat",B,"cmr","153",mythic,Black,Owned,Non-foil,mainboard,false,,,"","",85088,false,false,"Livia Prima"
"Tezzeret the Seeker",5,"Legendary Planeswalker - Tezzeret",U,"ala","60",mythic,Blue,Owned,Non-foil,mainboard,false,,,"","",30979,false,false,"Anthony Francisco"
"Tezzeret, Cruel Captain",3,"Legendary Planeswalker - Tezzeret",,"eoe","2",mythic,Colorless,Owned,Non-foil,mainboard,false,,,"","",142617,false,false,"Chris Rahn"
"Thalia and The Gitrog Monster",4,"Legendary Creature - Human Frog Horror",BGW,"mom","255",mythic,Multicolored,Owned,Non-foil,mainboard,false,,,"","",110424,false,false,"Howard Lyon"
"Thalia, Guardian of Thraben",2,"Legendary Creature - Human Soldier",W,"vow","38",rare,White,Owned,Non-foil,mainboard,false,,,"","",94372,false,false,"Magali Villeneuve"
"Thassa's Oracle",2,"Creature - Merfolk Wizard",U,"thb","73",rare,Blue,Owned,Non-foil,mainboard,false,,,"","",79270,false,false,"Jesper Ejsing"
"The Cabbage Merchant",3,"Legendary Creature - Human Citizen",G,"tle","134",rare,null,Owned,Non-foil,mainboard,false,,,"","",145666,false,false,"Patrick Gañas"
"The First Sliver",5,"Legendary Creature - Sliver",BGRUW,"h1r","26",mythic,Multicolored,Owned,Etched,mainboard,false,,,"","",-1,false,false,"Svetlin Velinov"
"The Gitrog Monster",5,"Legendary Creature - Frog Horror",BG,"blc","88",mythic,Multicolored,Owned,Non-foil,mainboard,false,,,"","",128297,false,false,"Nils Hamm"
"The Master of Keys",3,"Legendary Enchantment Creature - Horror",BUW,"dsc","4",mythic,null,Owned,Non-foil,mainboard,false,,,"","",131409,false,false,"Wisnu Tan"
"The Meathook Massacre",2,"Legendary Enchantment",B,"mid","112",mythic,Black,Proxied,Non-foil,mainboard,false,,,"","",93186,false,false,"Chris Seaman"
"The Necrobloom",4,"Legendary Creature - Plant",BGW,"mh3","194",rare,Multicolored,Owned,Non-foil,mainboard,false,,,"","",126405,false,false,"Igor Krstic"
"The One Ring",4,"Legendary Artifact",,"ltr","246",mythic,Colorless,Proxied,Non-foil,mainboard,false,,,"","",112402,false,false,"Veli Nyström"
"The Tabernacle at Pendrell Vale",0,"Legendary Land",,"prm","60450",rare,Lands,Proxied,Non-foil,mainboard,false,,,"","",60450,false,false,"Richard Wright"
"The Wandering Emperor",4,"Legendary Planeswalker",W,"neo","42",mythic,White,Owned,Non-foil,mainboard,false,,,"","",96998,false,false,"Tommy Arnold"
"Thespian's Stage",0,"Land",,"sld","1607",rare,Lands,Owned,Non-foil,mainboard,false,,,"","",-1,false,false,"Billy Christian"
"Thorn of Amethyst",2,"Artifact",,"brr","60",rare,Colorless,Owned,Non-foil,mainboard,false,,,"","",104538,false,false,"Chuck Lukacs"
"Thoughtseize",1,"Sorcery",B,"ima","110",rare,Black,Owned,Non-foil,mainboard,false,,,"","",66099,false,false,"Aleksi Briclot"
"Thrasios, Triton Hero",2,"Legendary Creature - Merfolk Wizard",GU,"spg","16",rare,Multicolored,Owned,Non-foil,mainboard,false,,,"","",117398,false,false,"Caroline Gariba"
"Tibalt's Trickery",2,"Instant",R,"khm","153",rare,Red,Owned,Non-foil,mainboard,false,,,"","",87641,false,false,"Anna Podedworna"
"Tidespout Tyrant",8,"Creature - Djinn",U,"bbd","134",rare,Blue,Owned,Non-foil,mainboard,false,,,"","",68996,false,false,"Viktor Titov"
"Time Sieve",2,"Artifact",BU,"arb","31",rare,Multicolored,Owned,Non-foil,mainboard,false,,,"","",32488,false,false,"Franz Vohwinkel"
"Time Warp",5,"Sorcery",U,"m10","75",mythic,Blue,Owned,Non-foil,mainboard,false,,,"","",32953,false,false,"Jon Foster"
"Timeless Witness",4,"Creature - Human Shaman",G,"mh2","179",uncommon,null,Owned,Non-foil,mainboard,false,,,"","",90735,false,false,"Deruchenko Alexander"
"Timetwister",3,"Sorcery",U,"vma","3",rare,Blue,Proxied,Non-foil,mainboard,false,,,"","",53119,false,false,"Matt Stewart"
"Tinder Wall",1,"Creature - Plant Wall",GR,"cst","270",common,Multicolored,Owned,Non-foil,mainboard,false,,,"","",-1,false,false,"Rick Emond"
"Tinker",3,"Sorcery",U,"ulg","45",uncommon,Blue,Owned,Non-foil,mainboard,false,,,"","",12623,false,false,"Mike Raabe"
"Tireless Provisioner",3,"Creature - Elf Scout",G,"moc","313",uncommon,Green,Owned,Non-foil,mainboard,false,,,"","",111082,false,false,"Josu Hernaiz"
"Tivit, Seller of Secrets",6,"Legendary Creature - Sphinx Rogue",BUW,"ncc","10",mythic,Multicolored,Owned,Non-foil,mainboard,false,,,"","",99515,false,false,"Chris Rahn"
"Tolarian Academy",0,"Legendary Land",U,"usg","330",rare,Lands,Owned,Non-foil,mainboard,false,,,"","",11931,false,false,"Stephen Daniele"
"Toph, the First Metalbender",4,"Legendary Creature - Human Warrior Ally",GRW,"tla","247",rare,null,Owned,Non-foil,mainboard,false,,,"","",144986,false,false,"Eilene Cherie"
"Touch the Spirit Realm",2,"Enchantment",W,"neo","40",uncommon,White,Owned,Foil,mainboard,false,,,"","",96994,false,false,"Marta Nael"
"Toxic Deluge",3,"Sorcery",B,"c13","96",rare,Black,Owned,Non-foil,mainboard,false,,,"","",51366,false,false,"Svetlin Velinov"
"Toxrill, the Corrosive",7,"Legendary Creature - Slug Horror",BU,"vow","132",mythic,null,Owned,Non-foil,mainboard,false,,,"","",94596,false,false,"Simon Dominic"
"Treasonous Ogre",4,"Creature - Ogre Shaman",R,"cns","36",uncommon,Red,Owned,Non-foil,mainboard,false,,,"","",-1,false,false,"Randy Gallegos"
"Trickbind",2,"Instant",U,"tsp","88",rare,null,Owned,Non-foil,mainboard,false,,,"","",25553,false,false,"John Zeleznik"
"Trinisphere",3,"Artifact",,"2xm","303",mythic,Colorless,Proxied,Non-foil,mainboard,false,,,"","",82640,false,false,"Tim Hildebrandt"
"Twinferno",2,"Instant",R,"dmu","149",uncommon,null,Owned,Non-foil,mainboard,false,,,"","",102774,false,false,"Justyna Dura"
"Twinflame",2,"Sorcery",R,"2x2","129",rare,Red,Owned,Non-foil,mainboard,false,,,"","",101742,false,false,"Chase Stone"
"Tymna the Weaver",3,"Legendary Creature - Human Cleric",BW,"c16","48",rare,Multicolored,Owned,Foil,mainboard,false,,,"","",-1,false,false,"Winona Nelson"
"Tyvar, Jubilant Brawler",3,"Legendary Planeswalker - Tyvar",BG,"one","218",rare,Multicolored,Owned,Foil,mainboard,false,,,"","",106651,false,false,"Victor Adame Minguez"
"Ugin, Eye of the Storms",7,"Legendary Planeswalker - Ugin",,"tdm","1",mythic,Colorless,Owned,Non-foil,mainboard,false,,,"","",138945,false,false,"Joshua Raphael"
"Ukkima, Stalking Shadow",3,"Legendary Creature - Whale Wolf",BU,"otc","247",mythic,null,Owned,Non-foil,mainboard,false,,,"","",124957,false,false,"Daarken"
"Ulamog, the Ceaseless Hunger",10,"Legendary Creature - Eldrazi",,"bfz","15",mythic,Colorless,Owned,Non-foil,mainboard,false,,,"","",58301,false,false,"Michael Komarck"
"Ulamog, the Infinite Gyre",11,"Legendary Creature - Eldrazi",,"2x2","3",mythic,Colorless,Owned,Non-foil,mainboard,false,,,"","",101490,false,false,"Aleksi Briclot"
"Umbral Collar Zealot",2,"Creature - Human Cleric",B,"eoe","123",uncommon,Black,Owned,Non-foil,mainboard,false,,,"","",142859,false,false,"Dmitry Burmak"
"Underworld Breach",2,"Enchantment",R,"thb","161",rare,Red,Owned,Non-foil,mainboard,false,,,"","",79446,false,false,"Lie Setiawan"
"Untimely Malfunction",2,"Instant",R,"dsk","161",uncommon,Red,Owned,Non-foil,mainboard,false,,,"","",130453,false,false,"Jarel Threat"
"Unwanted Remake",1,"Instant",W,"dsk","306",uncommon,White,Owned,Foil,mainboard,false,,,"","",129867,false,false,"Ivan Shavrin"
"Urabrask",4,"Legendary Creature - Phyrexian Praetor",R,"mom","169",mythic,null,Owned,Non-foil,mainboard,false,,,"","",110204,false,false,"Campbell White"
"Uro, Titan of Nature's Wrath",3,"Legendary Creature - Elder Giant",GU,"thb","229",mythic,Multicolored,Owned,Non-foil,mainboard,false,,,"","",79582,false,false,"Vincent Proce"
"Urza, Lord High Artificer",4,"Legendary Creature - Human Artificer",U,"dmr","71",mythic,Blue,Owned,Foil,mainboard,false,,,"","",107631,false,false,"Grzegorz Rutkowski"
"Urza's Cave",0,"Land - Urza's Cave",,"mh3","234",uncommon,Lands,Owned,Non-foil,mainboard,false,,,"","",126487,false,false,"Mark Poole"
"Urza's Fun House",0,"Land - Urza's",,"unf","199",rare,Lands,Owned,Non-foil,mainboard,false,,,"","",-1,false,false,"Dmitry Burmak"
"Urza's Saga",0,"Enchantment Land - Urza's Saga",,"mh2","259",rare,Lands,Proxied,Non-foil,mainboard,false,,,"","",90899,false,false,"Titus Lunter"
"Valgavoth, Terror Eater",9,"Legendary Creature - Elder Demon",B,"dsk","120",mythic,Black,Owned,Non-foil,mainboard,false,,,"","",130371,false,false,"Antonio José Manzanedo"
"Vampiric Tutor",1,"Instant",B,"dmr","108",mythic,Black,Proxied,Non-foil,mainboard,false,,,"","",107705,false,false,"Raymond Swanland"
"Vial Smasher the Fierce",3,"Legendary Creature - Goblin Berserker",BR,"dsc","239",mythic,Multicolored,Owned,Non-foil,mainboard,false,,,"","",131103,false,false,"Deruchenko Alexander"
"Vibrance",5,"Creature - Elemental Incarnation",GR,"ecl","249",mythic,null,Owned,Non-foil,mainboard,false,,,"","",146891,false,false,"Jakub Kasper"
"Vilis, Broker of Blood",8,"Legendary Creature - Demon",B,"m20","122",rare,Black,Owned,Non-foil,mainboard,false,,,"","",73143,false,false,"Tyler Jacobson"
"Village Bell-Ringer",3,"Creature - Human Scout",W,"moc","216",common,White,Owned,Non-foil,mainboard,false,,,"","",110880,false,false,"David Palumbo"
"Viscera Seer",1,"Creature - Vampire Wizard",B,"cmr","158",common,Black,Owned,Non-foil,mainboard,false,,,"","",85098,false,false,"John Stanko"
"Vivi Ornitier",3,"Legendary Creature - Wizard",RU,"fin","248",mythic,Multicolored,Owned,Non-foil,mainboard,false,,,"","",141463,false,false,"Toni Infante"
"Vivien on the Hunt",6,"Legendary Planeswalker - Vivien",G,"snc","162",mythic,Green,Owned,Non-foil,mainboard,false,,,"","",98543,false,false,"Jake Murray"
"Voice of Victory",2,"Creature - Human Bard",W,"tdm","33",rare,White,Owned,Non-foil,mainboard,false,,,"","",139011,false,false,"Joshua Cairos"
"Walk-In Closet // Forgotten Cellar",8,"Enchantment - Room",G,"dsk","341",mythic,Green,Owned,Non-foil,mainboard,false,,,"","",130035,false,false,"Bastien Grivet"
"Walking Ballista",0,"Artifact Creature - Construct",,"j22","806",rare,Colorless,Owned,Non-foil,mainboard,false,,,"","",-1,false,false,"Daniel Ljunggren"
"Wan Shi Tong, Librarian",2,"Legendary Creature - Bird Spirit",U,"tla","78",mythic,null,Proxied,Non-foil,mainboard,false,,,"","",144636,false,false,"Ryota Murayama"
"Wandering Archaic",5,"Creature - Avatar",,"stx","6",rare,Colorless,Owned,Foil,mainboard,false,,,"","",88487,false,false,"Wayne Reynolds"
"War Room",0,"Land",,"cmr","361",rare,Lands,Owned,Non-foil,mainboard,false,,,"","",85504,false,false,"Milivoj Ćeran"
"Warren Soultrader",3,"Creature - Zombie Goblin Wizard",B,"mh3","110",rare,Black,Owned,Non-foil,mainboard,false,,,"","",126237,false,false,"Pete Venters"
"Wernog, Rider's Chaplain",2,"Legendary Creature - Human",BW,"slx","8",rare,null,Owned,Non-foil,mainboard,false,,,"","",105943,false,false,"Diego Gisbert"
"Wheel of Fortune",3,"Sorcery",R,"vma","192",rare,Red,Proxied,Non-foil,mainboard,false,,,"","",53245,false,false,"John Matson"
"White Plume Adventurer",3,"Creature - Orc Cleric",W,"clb","49",rare,White,Owned,Non-foil,mainboard,false,,,"","",100096,false,false,"Joseph Weston"
"Wild Growth",1,"Enchantment - Aura",G,"dmr","184",common,Green,Owned,Non-foil,mainboard,false,,,"","",107857,false,false,"Tony Szczudlo"
"Will of the Jeskai",4,"Sorcery",R,"tdc","80",rare,Red,Owned,Non-foil,mainboard,false,,,"","",138893,false,false,"Jessica Fong"
"Windfall",3,"Sorcery",U,"c20","128",rare,Blue,Owned,Non-foil,mainboard,false,,,"","",-1,false,false,"Scott Murphy"
"Winota, Joiner of Forces",4,"Legendary Creature - Human Warrior",RW,"iko","216",mythic,Multicolored,Owned,Non-foil,mainboard,false,,,"","",80441,false,false,"Magali Villeneuve"
"Winter Orb",2,"Artifact",,"ema","234",rare,Colorless,Owned,Non-foil,mainboard,false,,,"","",60791,false,false,"Brian Snõddy"
"Wisedrafter's Will",1,"Enchantment",U,"mb2","539",rare,Blue,Owned,Non-foil,mainboard,false,,,"","",-1,false,false,"Ashlea Kelly"
"Wishclaw Talisman",2,"Artifact",B,"eld","110",rare,Black,Owned,Foil,mainboard,false,,,"","",78342,false,false,"Daarken"
"Witch Enchanter",4,"Creature - Human Warlock",W,"mh3","239",uncommon,White,Owned,Non-foil,mainboard,false,,,"","",126501,false,false,"Tyler Walpole"
"Wizard from Beyond",5,"Legendary Enchantment - Background",BGRUW,"ph22","5",mythic,Multicolored,Premium Owned,Non-foil,mainboard,false,,,"","",-1,false,false,"Néstor Ossandón Leal"
"Worldly Tutor",1,"Instant",G,"6ed","269",rare,Green,Owned,Non-foil,mainboard,false,,,"","",-1,false,false,"David O'Connor"
"Wrath of God",4,"Sorcery",W,"pmei","2025-3",rare,White,Owned,Foil,mainboard,false,,,"","",-1,false,false,"Yumeko"
"Wrath of Leknif",4,"Sorcery",UW,"mb2","605",rare,Multicolored,Owned,Non-foil,mainboard,false,,,"","",-1,false,false,"Marion Kivits"
"Wrenn and Six",2,"Legendary Planeswalker - Wrenn",GR,"mh1","217",mythic,Multicolored,Owned,Non-foil,mainboard,false,,,"","",72806,false,false,"Chase Stone"
"Yawgmoth, Thran Physician",4,"Legendary Creature - Human Cleric",B,"mh1","116",mythic,Black,Owned,Non-foil,mainboard,false,,,"","",72604,false,false,"Mark Winters"
"Yawgmoth's Bargain",6,"Enchantment",B,"uds","75",rare,Black,Owned,Non-foil,mainboard,false,,,"","",12853,false,false,"Michael Sutfin"
"Yawgmoth's Will",3,"Sorcery",B,"usg","171",rare,Black,Owned,Non-foil,mainboard,false,,,"","",12349,false,false,"Ron Spencer"
"Yidris, Maelstrom Wielder",4,"Legendary Creature - Ogre Wizard",BGRU,"c16","50",mythic,Multicolored,Owned,Foil,mainboard,false,,,"","",-1,false,false,"Karl Kopinski"
"Yorion, Sky Nomad",5,"Legendary Creature - Bird Serpent",UW,"mul","64",rare,Multicolored,Owned,Foil,mainboard,false,,,"","",109350,false,false,"Justine Mara Andersen"
"Yoshimaru, Ever Faithful",1,"Legendary Creature - Dog",W,"nec","32",mythic,White,Owned,Non-foil,mainboard,false,,,"","",97744,false,false,"Ilse Gort"
"Y'shtola, Night's Blessed",4,"Legendary Creature - Cat Warlock",BUW,"fic","191",mythic,Multicolored,Owned,Non-foil,mainboard,false,,,"","",140787,false,false,"Magali Villeneuve"
"Yuna, Hope of Spira",5,"Legendary Creature - Human Cleric",GW,"fin","250",mythic,Multicolored,Owned,Non-foil,mainboard,false,,,"","",141467,false,false,"NINNIN"
"Yuriko, the Tiger's Shadow",3,"Legendary Creature - Human Ninja",BU,"cmm","364",rare,Multicolored,Owned,Non-foil,mainboard,false,,,"","",114957,false,false,"Yongjae Choi"
"Zealous Conscripts",5,"Creature - Human Warrior",R,"inr","183",rare,Red,Owned,Non-foil,mainboard,false,,,"","",135778,false,false,"Steve Prescott"
"Zinnia, Valley's Voice",3,"Legendary Creature - Bird Bard",RUW,"blc","4",mythic,Multicolored,Owned,Foil,mainboard,false,,,"","",128997,false,false,"Aldo Domínguez"
"Zirda, the Dawnwaker",3,"Legendary Creature - Elemental Fox",RW,"mul","65",rare,Multicolored,Owned,Non-foil,mainboard,false,,,"","",109352,false,false,"Justine Mara Andersen"
"Zur the Enchanter",4,"Legendary Creature - Human Wizard",BUW,"dmr","206",rare,null,Owned,Non-foil,mainboard,false,,,"","",107901,false,false,"Pete Venters"
"Zurgo Stormrender",3,"Legendary Creature - Orc Warrior",BRW,"tdc","10",mythic,null,Owned,Non-foil,mainboard,false,,,"","",138037,false,false,"Lie Setiawan"
"Aurora Awakener",7,"Creature - Giant Druid",G,"ecl","165",mythic,null,Owned,Non-foil,mainboard,false,,,"","",146721,false,false,"Paolo Parente"
"Omni-Changeling",5,"Creature - Shapeshifter",U,"ecl","62",uncommon,null,Owned,Non-foil,mainboard,false,,,"","",146509,false,false,"Jeff Laubenstein"
"Narset, Enlightened Master",6,"Legendary Creature - Human Monk",RUW,"cmm","931",mythic,null,Owned,Non-foil,mainboard,false,,,"","",114203,false,false,"Magali Villeneuve"
"Leonardo, the Balance",4,"Legendary Creature - Mutant Ninja Turtle",W,"tmc","1",mythic,null,Owned,Foil,mainboard,false,,,"","",147331,false,false,"Inkognit"
"Cool but Rude",2,"Enchantment - Class",R,"tmt","89",rare,null,Owned,Non-foil,mainboard,false,,,"","",147801,false,false,"Lordigan"
"Deal Broker",3,"Artifact Creature - Construct",,"cns","61",rare,null,Owned,Non-foil,mainboard,false,,,"","",-1,false,false,"Cliff Childs"
"Skateboard",1,"Artifact - Equipment",,"tmt","178",uncommon,null,Owned,Non-foil,mainboard,false,,,"","",147979,false,false,"Hokyoung Kim"
"Aetherflux Reservoir",4,"Artifact",,"kld","192",rare,null,Owned,Non-foil,mainboard,false,,,"","",61805,false,false,"Cliff Childs"
"Akiri, Line-Slinger",2,"Legendary Creature - Kor Soldier Ally",RW,"c16","26",rare,null,Owned,Foil,mainboard,false,,,"","",-1,false,false,"David Gaillet"
"Linvala, Keeper of Silence",4,"Legendary Creature - Angel",W,"roe","33",mythic,null,Owned,Non-foil,mainboard,false,,,"","",36656,false,false,"Igor Kieryluk"
"Chandra, Hope's Beacon",6,"Legendary Planeswalker - Chandra",R,"mom","134",mythic,null,Owned,Non-foil,mainboard,false,,,"","",110116,false,false,"Kieran Yanner"
"Deafening Silence",1,"Enchantment",W,"eld","10",uncommon,null,Owned,Non-foil,mainboard,false,,,"","",78108,false,false,"Igor Kieryluk"
"Blind Obedience",2,"Enchantment",W,"rvr","303",rare,null,Owned,Non-foil,mainboard,false,,,"","",120183,false,false,"Seb McKinnon"
"Null Rod",2,"Artifact",,"wth","154",rare,null,Proxied,Non-foil,mainboard,false,,,"","",9259,false,false,"Anson Maddocks"
"Torpor Orb",2,"Artifact",,"nph","162",rare,null,Owned,Non-foil,mainboard,false,,,"","",39998,false,false,"Svetlin Velinov"
"Ethersworn Canonist",2,"Artifact Creature - Human Cleric",W,"mma","14",rare,null,Owned,Non-foil,mainboard,false,,,"","",48804,false,false,"Izzy"
"Silverquill, the Disputant",4,"Legendary Creature - Elder Dragon",BW,"sos","226",mythic,null,Owned,Non-foil,mainboard,false,,,"","",149951,false,false,"Antonio José Manzanedo"
"Prismari, the Inspiration",7,"Legendary Creature - Elder Dragon",RU,"sos","212",mythic,null,Owned,Non-foil,mainboard,false,,,"","",149923,false,false,"Justin Gerard"
"Witherbloom, the Balancer",8,"Legendary Creature - Elder Dragon",BG,"sos","245",mythic,null,Owned,Non-foil,mainboard,false,,,"","",149989,false,false,"Chris Rahn"
"Lorehold, the Historian",5,"Legendary Creature - Elder Dragon",RW,"sos","201",mythic,null,Owned,Non-foil,mainboard,false,,,"","",149901,false,false,"Joshua Raphael"
"Quandrix, the Proof",6,"Legendary Creature - Elder Dragon",GU,"sos","218",mythic,null,Owned,Non-foil,mainboard,false,,,"","",149935,false,false,"Lucas Graciano"
"Aven Interrupter",3,"Creature - Bird Rogue",W,"otj","4",rare,null,Owned,Non-foil,mainboard,false,,,"","",123919,false,false,"Daniel Romanovsky"
"Erode",1,"Instant",W,"sos","15",rare,null,Owned,Non-foil,mainboard,false,,,"","",149529,false,false,"Florian Herold"
"Daydream",1,"Sorcery",W,"sos","9",uncommon,null,Owned,Non-foil,mainboard,false,,,"","",149517,false,false,"Nia Kovalevski"
"Dollmaker's Shop // Porcelain Gallery",8,"Enchantment - Room",W,"dsk","335",mythic,null,Owned,Non-foil,mainboard,false,,,"","",130023,false,false,"Cacho Rubione"
"Topsy Turvy",3,"Enchantment",U,"und","29",uncommon,null,Owned,Non-foil,mainboard,false,,,"","",-1,false,false,"Jeff Miracola"
"Boggart Trawler",3,"Creature - Goblin",B,"mh3","243",uncommon,null,Owned,Non-foil,mainboard,false,,,"","",126517,false,false,"Randy Gallegos"
"Ral Zarek, Guest Lecturer",3,"Legendary Planeswalker - Ral",B,"sos","97",mythic,null,Owned,Non-foil,mainboard,false,,,"","",149693,false,false,"Billy Christian"
"Cut Down",1,"Instant",B,"plg24","3J",rare,null,Owned,Non-foil,mainboard,false,,,"","",-1,false,false,"Dominik Mayer"
"Flashback",1,"Instant",R,"sos","115",rare,null,Owned,Non-foil,mainboard,false,,,"","",149729,false,false,"Flavio Greco Paglia"
"Reiterate",3,"Instant",R,"tsr","182",rare,null,Owned,Non-foil,mainboard,false,,,"","",86735,false,false,"Dan Murayama Scott"
"Fury Storm",4,"Instant",R,"c18","22",rare,null,Owned,Non-foil,mainboard,false,,,"","",-1,false,false,"Mark Poole"
"Emeritus of Abundance",3,"Creature - Elf Druid",G,"sos","145",mythic,null,Owned,Non-foil,mainboard,false,,,"","",149789,false,false,"Justyna Dura"
"Eureka",4,"Sorcery",G,"vma","208",mythic,null,Proxied,Non-foil,mainboard,false,,,"","",53165,false,false,"Ryan Pancoast"
"Cursed Totem",2,"Artifact",,"mh2","295",rare,null,Owned,Non-foil,mainboard,false,,,"","",91017,false,false,"Aaron Miller"
"Professor Dellian Fel",4,"Legendary Planeswalker - Dellian",BG,"sos","214",mythic,null,Owned,Non-foil,mainboard,false,,,"","",149927,false,false,"Lie Setiawan"
"Canal Dredger",4,"Artifact Creature - Construct",,"cns","55",rare,null,Owned,Non-foil,mainboard,false,,,"","",-1,false,false,"John Avon"
"Cogwork Librarian",4,"Artifact Creature - Construct",,"cns","58",common,null,Owned,Non-foil,mainboard,false,,,"","",-1,false,false,"Dan Murayama Scott"
"Alphinaud Leveilleur",4,"Legendary Creature - Elf Wizard",U,"fic","33",rare,null,Owned,Non-foil,mainboard,false,,,"","",140057,false,false,"Justyna Dura"
"Alisaie Leveilleur",3,"Legendary Creature - Elf Wizard",W,"fic","9",rare,null,Owned,Non-foil,mainboard,false,,,"","",140009,false,false,"Justyna Dura"
"Ley Weaver",4,"Creature - Human Druid",G,"bbd","21",uncommon,null,Owned,Non-foil,mainboard,false,,,"","",68770,false,false,"Livia Prima"
"Starting Town",0,"Land - Town",,"fin","289",rare,Lands,Owned,Non-foil,mainboard,false,,,"","",141555,false,false,"Hristo D. Chukov"
"Restoration Angel",4,"Creature - Angel",W,"blc","150",rare,White,Owned,Non-foil,mainboard,false,,,"","",128447,false,false,"Jake Murray"
"Blacker Lotus",0,"Artifact",,"ugl","70",rare,Colorless,Owned,Non-foil,mainboard,false,,,"","",-1,false,false,"Christopher Rush"
"Gwenom, Remorseless",5,"Legendary Creature - Symbiote Spider Hero",B,"spm","56",mythic,null,Owned,Non-foil,mainboard,false,,,"","",153351,false,false,"Lordigan"
"Chakram Retriever",5,"Creature - Elemental Dog",U,"bbd","15",uncommon,null,Owned,Non-foil,mainboard,false,,,"","",68758,false,false,"Dmitry Burmak"
"Kaalia of the Vast",4,"Legendary Creature - Human Cleric",BRW,"mh3","290",mythic,Multicolored,Owned,Non-foil,mainboard,false,,,"","",125991,false,false,"Justyna Dura"
"Baylen, the Haymaker",3,"Legendary Creature - Rabbit Warrior",GRW,"blb","205",rare,Multicolored,Owned,Non-foil,mainboard,false,,,"","",129655,false,false,"Ryan Pancoast"
"Protean Hulk",7,"Creature - Beast",G,"dis","90",rare,Green,Owned,Non-foil,mainboard,false,,,"","",24305,false,false,"Matt Cavotta"
"Marath, Will of the Wild",3,"Legendary Creature - Elemental Beast",GRW,"oc13","198",mythic,null,Owned,Non-foil,mainboard,false,,,"","",-1,false,false,"Tyler Jacobson"
"Vislor Turlough",4,"Legendary Creature - Rogue",B,"who","74",rare,null,Owned,Non-foil,mainboard,false,,,"","",-1,false,false,"Wangjie Li"
"Splinter, the Mentor",2,"Legendary Creature - Mutant Ninja Rat",B,"tmc","3",mythic,null,Owned,Non-foil,mainboard,false,,,"","",147335,false,false,"Andrea Tentori Montalto"
"Daze",2,"Instant",U,"soa","80",uncommon,Blue,Owned,Non-foil,mainboard,false,,,"","",148467,false,false,"Ayami Nakashima"
"Look at Me, I'm R&D",3,"Enchantment",W,"und","9",rare,null,Owned,Non-foil,mainboard,false,,,"","",-1,false,false,""
"Puresteel Angel",8,"Artifact Creature - Angel",,"cmb2","109",rare,Colorless,Owned,Non-foil,mainboard,false,,,"","",-1,false,false,"Lukas Litzsinger"
"Phyrexian Walker",0,"Artifact Creature - Phyrexian Construct",,"vis","152",common,null,Owned,Non-foil,mainboard,false,,,"","",7667,false,false,"Bryan Talbot"
"Sword of Wealth and Power",3,"Artifact - Equipment",,"big","26",mythic,null,Owned,Non-foil,mainboard,false,,,"","",125413,false,false,"Dominik Mayer"
"Aang, at the Crossroads",5,"Legendary Creature - Human Avatar Ally",GUW,"tla","203",rare,null,Owned,Non-foil,mainboard,false,,,"","",144892,false,false,"Evan Shipard"
"Hashaton, Scarab's Fist",2,"Legendary Creature - Zombie Wizard",BWU,"drc","1",mythic,Multicolored,Owned,Foil,mainboard,false,,,"","",137199,false,false,"Wisnu Tan"
"Marchesa, Dealer of Death",3,"Legendary Creature - Human Rogue",BRU,"otj","220",rare,null,Owned,Non-foil,mainboard,false,,,"","",124351,false,false,"Ryan Pancoast"
"The Soul Stone",2,"Legendary Artifact - Infinity Stone",B,"spm","66",mythic,null,Proxied,Non-foil,mainboard,false,,,"","",153371,false,false,"Volkan Baǵa"
"Emeritus of Woe",4,"Creature - Vampire Warlock",B,"sos","80",mythic,null,Owned,Non-foil,mainboard,false,,,"","",149659,false,false,"Jodie Muir"
"Return the Favor",2,"Instant",R,"soa","112",uncommon,null,Owned,Non-foil,mainboard,false,,,"","",148531,false,false,"Karuta Shiki"
"Plagon, Lord of the Beach",3,"Legendary Creature - Starfish Wizard",U,"j25","37",rare,null,Owned,Non-foil,mainboard,false,,,"","",132754,false,false,"GOSSAN"
"Waxen Shapethief",4,"Creature - Shapeshifter",U,"dft","74",rare,null,Owned,Non-foil,mainboard,false,,,"","",136271,false,false,"Helge C. Balzer"
"Worldgorger Dragon",6,"Creature - Nightmare Dragon",R,"dmr","148",mythic,null,Owned,Non-foil,mainboard,false,,,"","",107785,false,false,"Néstor Ossandón Leal"
"Yavimaya, Cradle of Growth",0,"Legendary Land",,"mh2","261",rare,Lands,Owned,Non-foil,mainboard,false,,,"","",90903,false,false,"Sarah Finnigan"
"Rocco, Cabaretti Caterer",3,"Legendary Creature - Elf Druid",GRW,"snc","218",uncommon,Multicolored,Owned,Non-foil,mainboard,false,,,"","",98655,false,false,"Chris Seaman"
"Alesha, Who Smiles at Death",3,"Legendary Creature - Human Warrior",BRW,"dmc","118",rare,null,Owned,Non-foil,mainboard,false,,,"","",103122,false,false,"Anastasia Ovchinnikova"
"Anikthea, Hand of Erebos",5,"Legendary Enchantment Creature - Demigod",BGW,"cmm","705",mythic,null,Owned,Foil,mainboard,false,,,"","",114529,false,false,"Magali Villeneuve"
"The Wise Mothman",4,"Legendary Creature - Insect Mutant",BGU,"pip","343",mythic,null,Owned,Non-foil,mainboard,false,,,"","",131531,false,false,"David Gaillet"
"Teysa Karlov",4,"Legendary Creature - Human Advisor",BW,"rna","212",rare,Multicolored,Owned,Non-foil,mainboard,false,,,"","",71424,false,false,"Magali Villeneuve"
"Minamo, School at Water's Edge",0,"Legendary Land",,"chk","279",rare,null,Proxied,Non-foil,mainboard,false,,,"","",21385,false,false,"Jeremy Jarvis"
"Second City",0,"Land - Town",,"pf25","4",rare,Lands,Owned,Non-foil,mainboard,false,,,"","",-1,false,false,"Mark Rosewater"
"Henzie ""Toolbox"" Torre",3,"Legendary Creature - Devil Rogue",BGR,"ncc","2",mythic,null,Owned,Non-foil,mainboard,false,,,"","",-1,false,false,"Johannes Voss"
"Abrupt Decay",2,"Instant",BG,"mm3","146",rare,Multicolored,Owned,Non-foil,mainboard,false,,,"","",63379,false,false,"Svetlin Velinov"
"Exotic Orchard",0,"Land",,"moc","398",rare,Lands,Owned,Non-foil,mainboard,false,,,"","",111264,false,false,"Steven Belledin"
"Rishadan Port",0,"Land",,"a25","246",rare,null,Owned,Non-foil,mainboard,false,,,"","",67406,false,false,"Jonas De Ro"
"Radagast the Brown",4,"Legendary Creature - Avatar Wizard",G,"ltr","184",mythic,null,Owned,Non-foil,mainboard,false,,,"","",112278,false,false,"Alexander Mokhov"
"Kozilek's Command",2,"Kindred Instant - Eldrazi",,"mh3","11",rare,null,Owned,Non-foil,mainboard,false,,,"","",126039,false,false,"Yeong-Hao Han"
"Ob Nixilis, Captive Kingpin",4,"Legendary Creature - Demon",BR,"mat","41",mythic,Multicolored,Owned,Foil,mainboard,false,,,"","",109204,false,false,"Zezhou Chen"
"Mirror Entity",3,"Creature - Shapeshifter",W,"c13","17",rare,null,Owned,Non-foil,mainboard,false,,,"","",50848,false,false,"Zoltan Boros & Gabor Szikszai"
"Fanatic of Rhonas",2,"Creature - Snake Druid",G,"mh3","152",rare,null,Owned,Non-foil,mainboard,false,,,"","",126321,false,false,"Scott Murphy"
"Snapback",2,"Instant",U,"tsr","87",common,null,Owned,Non-foil,mainboard,false,,,"","",86537,false,false,"Alan Pollack"
"Out of Time",3,"Enchantment",W,"mh2","23",rare,null,Owned,Non-foil,mainboard,false,,,"","",90415,false,false,"Tobias Kwan"
"Thought Vessel",2,"Artifact",,"blc","289",common,null,Owned,Non-foil,mainboard,false,,,"","",128725,false,false,"rk post"
"Fecund Greenshell",5,"Creature - Elemental Turtle",G,"blb","171",rare,null,Owned,Non-foil,mainboard,false,,,"","",129587,false,false,"Kisung Koh"
"Enduring Vitality",3,"Enchantment Creature - Elk Glimmer",G,"dsk","176",rare,Green,Owned,Non-foil,mainboard,false,,,"","",130483,false,false,"Valera Lutfullina"
"Archivist of Oghma",2,"Creature - Halfling Cleric",W,"clb","4",rare,White,Owned,Non-foil,mainboard,false,,,"","",99996,false,false,"Stella Spente"
"Monologue Tax",3,"Enchantment",W,"soc","157",rare,null,Owned,Non-foil,mainboard,false,,,"","",148783,false,false,"Justine Cruz"
"Flicker",2,"Sorcery",W,"uds","9",rare,null,Owned,Non-foil,mainboard,false,,,"","",12781,false,false,"Douglas Shuler"
"Valley Floodcaller",3,"Creature - Otter Wizard",U,"blb","79",rare,null,Owned,Non-foil,mainboard,false,,,"","",129403,false,false,"Victor Adame Minguez"
"Cloudshift",1,"Instant",W,"a25","7",common,null,Owned,Non-foil,mainboard,false,,,"","",66928,false,false,"Howard Lyon"
"Now You See Me . . .",1,"Instant",W,"unf","20",common,null,Owned,Non-foil,mainboard,false,,,"","",-1,false,false,"Sam Hogg"
"Nuclear Fallout",2,"Sorcery",B,"pip","331",rare,null,Owned,Non-foil,mainboard,false,,,"","",131507,false,false,"James Bousema"
"Incubation Druid",2,"Creature - Elf Druid",G,"rna","131",rare,null,Owned,Non-foil,mainboard,false,,,"","",71262,false,false,"Daniel Ljunggren"
"Insatiable Avarice",1,"Sorcery",B,"otj","91",rare,null,Owned,Non-foil,mainboard,false,,,"","",124093,false,false,"Scott Murphy"
"Peri Brown",4,"Legendary Creature - Human",W,"who","26",rare,null,Owned,Non-foil,mainboard,false,,,"","",-1,false,false,"Wangjie Li"
"Galadriel's Dismissal",1,"Instant",W,"hoc","16",mythic,null,Proxied,Non-foil,mainboard,false,,,"","",154546,false,false,"Rebecca Guay"
"The Mind Stone",2,"Legendary Artifact - Infinity Stone",W,"msh","21",mythic,null,Proxied,Non-foil,mainboard,false,,,"","",152223,false,false,"Volkan Baǵa"
"Cathars' Crusade",5,"Enchantment",W,"inr","17",rare,null,Owned,Non-foil,mainboard,false,,,"","",135392,false,false,"Karl Kopinski"
"Mulldrifter",5,"Creature - Elemental",U,"2x2","60",uncommon,null,Owned,Non-foil,mainboard,false,,,"","",101604,false,false,"Eric Fortune"
"Into the Flood Maw",1,"Instant",U,"blb","52",uncommon,null,Owned,Non-foil,mainboard,false,,,"","",129349,false,false,"Danny Schwartz"
"Borne Upon a Wind",2,"Instant",U,"ltr","350",rare,null,Owned,Non-foil,mainboard,false,,,"","",111736,false,false,"Alexander Mokhov"
"Flash Photography",4,"Sorcery",U,"fic","463",rare,null,Proxied,Non-foil,mainboard,false,,,"","",-1,false,false,"Winona Nelson"
"Doctor Doom, Unrivaled",4,"Legendary Creature - Human Sorcerer Villain",B,"msc","654",mythic,null,Proxied,Non-foil,mainboard,false,,,"","",151757,false,false,"Vilhelmas Banys"
"The Vision and Scarlet Witch",4,"Legendary Artifact Creature - Mutant Hero",R,"msc","707",mythic,null,Proxied,Non-foil,mainboard,false,,,"","",151863,false,false,"Tyler Walpole"
"Gut Shot",1,"Instant",R,"mm2","117",common,null,Owned,Non-foil,mainboard,false,,,"","",57328,false,false,"Greg Staples"
"Strike It Rich",1,"Sorcery",R,"mh2","143",uncommon,null,Owned,Non-foil,mainboard,false,,,"","",90663,false,false,"Volkan Baǵa"
"Hex Magic",3,"Sorcery - Arcane",R,"msh","133",uncommon,null,Owned,Non-foil,mainboard,false,,,"","",152453,false,false,"Kevin Glint"
"Return the Past",6,"Enchantment",R,"who","92",rare,null,Owned,Non-foil,mainboard,false,,,"","",-1,false,false,"Irina Nordsol"
"Shang-Chi, Master of Kung Fu",2,"Legendary Creature - Human Warrior Hero",G,"msh","187",mythic,null,Owned,Non-foil,mainboard,false,,,"","",152561,false,false,"Lee Woo-chul"
"Mole Man, Moloid Master",3,"Legendary Creature - Human Villain",G,"msh","177",rare,null,Owned,Non-foil,mainboard,false,,,"","",152541,false,false,"Michele Giorgi"
"Undermountain Adventurer",4,"Creature - Giant Warrior",G,"clb","260",rare,null,Owned,Non-foil,mainboard,false,,,"","",100558,false,false,"Michal Ivan"
"Garruk Wildspeaker",4,"Legendary Planeswalker - Garruk",G,"lrw","213",rare,null,Owned,Non-foil,mainboard,false,,,"","",28453,false,false,"Aleksi Briclot"
"Mnemonic Betrayal",3,"Sorcery",BU,"grn","189",mythic,null,Owned,Non-foil,mainboard,false,,,"","",69751,false,false,"Clint Cearley"
"Prosper, Tome-Bound",4,"Legendary Creature - Tiefling Warlock",BR,"afc","2",mythic,null,Owned,Foil,mainboard,false,,,"","",-1,false,false,"Yongjae Choi"
"Vexing Shusher",2,"Creature - Goblin Shaman",GR,"2xm","225",rare,null,Owned,Non-foil,mainboard,false,,,"","",82484,false,false,"Cyril Van Der Haegen"
"Manamorphose",2,"Instant",GR,"2xm","208",uncommon,null,Owned,Non-foil,mainboard,false,,,"","",82450,false,false,"Adam Paquette"
"Jennifer Walters",2,"Legendary Creature - Human Advisor Hero",W,"msh","18",mythic,null,Proxied,Non-foil,mainboard,false,,,"","",152215,false,false,"Taurin Clarke"
"Stella Lee, Wild Card",3,"Legendary Creature - Human Rogue",RU,"otc","3",mythic,null,Owned,Non-foil,mainboard,false,,,"","",125225,false,false,"Fajareka Setiawan"
"Saheeli, the Gifted",4,"Legendary Planeswalker - Saheeli",RU,"c18","44",mythic,null,Owned,Foil,mainboard,false,,,"","",-1,false,false,"Ryan Pancoast"
"Grist, the Hunger Tide",3,"Legendary Planeswalker - Grist",BG,"dsc","220",mythic,null,Owned,Non-foil,mainboard,false,,,"","",131065,false,false,"Yongjae Choi"
"The Jolly Balloon Man",3,"Legendary Creature - Human Clown",RW,"dsk","219",rare,null,Owned,Non-foil,mainboard,false,,,"","",130569,false,false,"Campbell White"
"Marneus Calgar",5,"Legendary Creature - Astartes Warrior",BUW,"40k","175",mythic,null,Owned,Non-foil,mainboard,false,,,"","",-1,false,false,"Slawomir Maniak"
"Bruce Banner",1,"Legendary Creature - Human Scientist Hero",U,"msh","49",mythic,null,Owned,Non-foil,mainboard,false,,,"","",152281,false,false,"Tommy Arnold"
"Nick Fury, Agent of S.H.I.E.L.D.",1,"Legendary Creature - Human Spy Hero",W,"msh","25",rare,null,Owned,Non-foil,mainboard,false,,,"","",152233,false,false,"Marco Turini"
"The Wandering Minstrel",2,"Legendary Creature - Human Bard",GU,"fin","249",rare,null,Owned,Non-foil,mainboard,false,,,"","",141465,false,false,"Thanh Tuấn"
"Thanos, the Mad Titan",3,"Legendary Creature - Eternal Villain",BRW,"msh","233",mythic,null,Owned,Non-foil,mainboard,false,,,"","",152655,false,false,"Björn Barends"
"Terra, Magical Adept",3,"Legendary Creature - Human Wizard Warrior",GR,"fin","245",mythic,null,Owned,Non-foil,mainboard,false,,,"","",141453,false,false,"Clare Wong"
"Infinite Guideline Station",5,"Legendary Artifact - Spacecraft",BGRUW,"eoe","219",rare,null,Owned,Non-foil,mainboard,false,,,"","",143051,false,false,"Piotr Dura"
"Jegantha, the Wellspring",5,"Legendary Creature - Elemental Elk",GR,"mul","174",rare,null,Owned,Non-foil,mainboard,false,,,"","",-1,false,false,"Steve Ellis"
"Omnath, Locus of All",5,"Legendary Creature - Phyrexian Elemental",BGRUW,"mom","313",rare,null,Owned,Non-foil,mainboard,false,,,"","",109546,false,false,"Jessica Rossier"
"Urza, Academy Headmaster",5,"Legendary Planeswalker - Urza",BGRUW,"ust","136",mythic,null,Owned,Non-foil,mainboard,false,,,"","",-1,false,false,"Terese Nielsen"
"Super-Skrull",4,"Legendary Creature - Skrull Shapeshifter Villain",B,"msh","115",rare,null,Owned,Non-foil,mainboard,false,,,"","",152417,false,false,"Zoltan Boros"
"King T'Challa",3,"Legendary Creature - Human Noble Hero",UW,"msh","219",mythic,null,Owned,Non-foil,mainboard,false,,,"","",152625,false,false,"Aaron J. Riley & Eric Wilkerson"
"Crystal Vein",0,"Land",,"6ed","322",uncommon,null,Owned,Non-foil,mainboard,false,,,"","",-1,false,false,"Pat Lewis"
"Ultron, Artificial Malevolence",3,"Legendary Artifact Creature - Robot Villain",,"msh","252",mythic,null,Owned,Non-foil,mainboard,false,,,"","",152693,false,false,"Nino Is"
"Iron Man, Titan of Innovation",5,"Legendary Artifact Creature - Human Hero",RU,"mar","91",mythic,null,Proxied,Non-foil,mainboard,false,,,"","",150421,false,false,"Jong-Ju Kim"
"Geier Reach Sanitarium",0,"Legendary Land",,"emn","203",rare,null,Owned,Non-foil,mainboard,false,,,"","",61280,false,false,"Cliff Childs"
"Reveillark",5,"Creature - Elemental",W,"2x2","26",rare,null,Owned,Non-foil,mainboard,false,,,"","",101536,false,false,"Jim Murray"
"Sun Titan",6,"Creature - Giant",W,"otc","87",mythic,null,Owned,Non-foil,mainboard,false,,,"","",124633,false,false,"Todd Lockwood"
"Fateful Absence",2,"Instant",W,"mid","18",rare,null,Owned,Non-foil,mainboard,false,,,"","",92962,false,false,"Eric Deschamps"
"Get Lost",2,"Instant",W,"lci","14",rare,null,Owned,Non-foil,mainboard,false,,,"","",117806,false,false,"Eli Minaya"
"Airbender Ascension",2,"Enchantment",W,"tla","6",rare,null,Owned,Non-foil,mainboard,false,,,"","",144488,false,false,"Shiren"
"Great Whale",7,"Creature - Whale",U,"usg","77",rare,null,Owned,Non-foil,mainboard,false,,,"","",11981,false,false,"Bob Eggleton"
"Demonic Consultation",1,"Instant",B,"ice","121",uncommon,null,Owned,Non-foil,mainboard,false,,,"","",-1,false,false,"Rob Alexander"
"Bitter Triumph",2,"Instant",B,"soa","91",uncommon,null,Owned,Non-foil,mainboard,false,,,"","",148489,false,false,"Yu-ki Nishimoto"
"Infernal Grasp",2,"Instant",B,"mid","107",uncommon,null,Owned,Non-foil,mainboard,false,,,"","",93174,false,false,"Naomi Baker"
"Knuckles the Echidna",4,"Legendary Creature - Echidna Warrior",R,"sld","2082",mythic,null,Owned,Non-foil,mainboard,false,,,"","",-1,false,false,"Tyler Walpole"
"Chandra, the Firebrand",4,"Legendary Planeswalker - Chandra",R,"m13","123",mythic,null,Owned,Non-foil,mainboard,false,,,"","",45422,false,false,"D. Alexander Gregory"
"Daretti, Scrap Savant",4,"Legendary Planeswalker - Daretti",R,"c14","33",mythic,null,Ordered,Non-foil,mainboard,false,,,"","",55115,false,false,"Dan Murayama Scott"
"Ramunap Excavator",3,"Creature - Snake Cleric",G,"m3c","241",rare,null,Owned,Non-foil,mainboard,false,,,"","",127023,false,false,"Mark Behm"
"Chrome Dome",2,"Artifact Creature - Robot Ninja",,"tmt","172",rare,null,Ordered,Non-foil,mainboard,false,,,"","",147967,false,false,"Mathias Kollros"
"Stock Up",3,"Sorcery",U,"soa","89",uncommon,null,Owned,Non-foil,mainboard,false,,,"","",148485,false,false,"Nagano"
"Krang, Utrom Warlord",9,"Legendary Artifact Creature - Utrom Robot",,"tmt","175",mythic,null,Owned,Non-foil,mainboard,false,,,"","",147973,false,false,"Lordigan"
"Boreal Druid",1,"Snow Creature - Elf Druid",G,"csp","105",common,null,Owned,Non-foil,mainboard,false,,,"","",24637,false,false,"Dan Dos Santos"
"Sylvan Scrying",2,"Sorcery",G,"bfz","192",uncommon,null,Owned,Non-foil,mainboard,false,,,"","",58481,false,false,"Daniel Ljunggren"
"The Queen of Dale",2,"Legendary Creature - Human Noble",W,"hob","24",mythic,null,Proxied,Non-foil,mainboard,false,,,"","",153962,false,false,"Magali Villeneuve"
"Bilbo's Gambit",2,"Instant",W,"hob","5",rare,null,Owned,Non-foil,mainboard,false,,,"","",153922,false,false,"Randy Gallegos"
"Calamity's Wake",2,"Instant",W,"bro","4",uncommon,null,Ordered,Non-foil,mainboard,false,,,"","",104626,false,false,"Slawomir Maniak"
"Reprieve",2,"Instant",W,"soa","74",rare,null,Owned,Non-foil,mainboard,false,,,"","",148455,false,false,"Takumi Yoza"
"Gleaming Splendor",2,"Enchantment",W,"hob","15",mythic,null,Proxied,Non-foil,mainboard,false,,,"","",153944,false,false,"Kekai Kotaki"
"Trouble in Pairs",4,"Enchantment",W,"mkc","15",rare,null,Ordered,Non-foil,mainboard,false,,,"","",122784,false,false,"Fay Dalton"
"Deceiver Exarch",3,"Creature - Phyrexian Cleric",U,"c13","37",uncommon,null,Ordered,Non-foil,mainboard,false,,,"","",51134,false,false,"Izzy"
"Pestermite",3,"Creature - Faerie Rogue",U,"lrw","78",common,null,Ordered,Non-foil,mainboard,false,,,"","",28241,false,false,"Christopher Moeller"
"Mind Over Matter",6,"Enchantment",U,"exo","40",rare,null,Owned,Non-foil,mainboard,false,,,"","",10607,false,false,"Keith Parkinson"
"Susurian Voidborn",3,"Creature - Vampire Soldier",B,"eoe","118",uncommon,null,Ordered,Non-foil,mainboard,false,,,"","",142849,false,false,"Jehan Choo"
"Inside Information",2,"Sorcery",B,"hob","76",mythic,null,Owned,Non-foil,mainboard,false,,,"","",154082,false,false,"Sean Vo"
"Weftstalker Ardent",3,"Creature - Drix Artificer",R,"eoe","169",uncommon,null,Owned,Non-foil,mainboard,false,,,"","",142951,false,false,"Valera Lutfullina"
"Ancient Copper Dragon",6,"Creature - Elder Dragon",R,"clb","161",mythic,null,Proxied,Non-foil,mainboard,false,,,"","",100344,false,false,"Antonio José Manzanedo"
"Choreographed Sparks",2,"Instant",R,"sos","111",rare,null,Owned,Non-foil,mainboard,false,,,"","",149721,false,false,"Paolo Parente"
"Bolt Bend",4,"Instant",R,"war","115",uncommon,null,Owned,Non-foil,mainboard,false,,,"","",71836,false,false,"Svetlin Velinov"
"Voice of Many",4,"Creature - Elf Druid",G,"scd","215",uncommon,null,Ordered,Non-foil,mainboard,false,,,"","",104008,false,false,"Greg Staples"
"Smaug, Wicked Worm",5,"Legendary Creature - Dragon",BR,"hob","164",rare,null,Owned,Non-foil,mainboard,false,,,"","",154266,false,false,"Antonio José Manzanedo"
"Tony Stark",2,"Legendary Creature - Human Artificer Hero",U,"msh","80",mythic,null,Ordered,Non-foil,mainboard,false,,,"","",152345,false,false,"Alexander Lozano"
"Ral, Storm Conduit",4,"Legendary Planeswalker - Ral",RU,"war","211",rare,null,Ordered,Non-foil,mainboard,false,,,"","",72028,false,false,"Wesley Burt"
"Magus Lucea Kane",4,"Legendary Creature - Human Tyranid Wizard",GRU,"40k","7",mythic,null,Ordered,Foil,mainboard,false,,,"","",108838,false,false,"Bartek Fedyczak"
"Krark-Clan Ironworks",4,"Artifact",,"5dn","134",uncommon,null,Proxied,Non-foil,mainboard,false,,,"","",20862,false,false,"Greg Hildebrandt"
"Nykthos, Shrine to Nyx",0,"Legendary Land",,"ths","223",rare,null,Proxied,Non-foil,mainboard,false,,,"","",50274,false,false,"Jung Park"
"Pollywog Prodigy",2,"Creature - Frog Wizard",U,"blc","15",rare,null,Owned,Non-foil,mainboard,false,,,"","",128929,false,false,"Caroline Gariba"
"Heat Shimmer",3,"Sorcery",R,"2xm","130",rare,null,Owned,Non-foil,mainboard,false,,,"","",82294,false,false,"Franz Vohwinkel"
"Wheel of Misfortune",3,"Sorcery",R,"cmr","211",rare,null,Owned,Non-foil,mainboard,false,,,"","",85204,false,false,"J.P. Targete"
"Tooth and Nail",7,"Sorcery",G,"cmm","327",rare,null,Owned,Foil,mainboard,false,,,"","",114883,false,false,"Greg Hildebrandt"
"Rite of Flame",1,"Sorcery",R,"csp","96",common,null,Owned,Non-foil,mainboard,false,,,"","",24675,false,false,"Dany Orizio"
"Rite of Flame",1,"Sorcery",R,"csp","96",common,null,Owned,Non-foil,mainboard,false,,,"","",24675,false,false,"Dany Orizio"
"Rite of Flame",1,"Sorcery",R,"csp","96",common,null,Owned,Non-foil,mainboard,false,,,"","",24675,false,false,"Dany Orizio"
"Rite of Flame",1,"Sorcery",R,"csp","96",common,null,Owned,Non-foil,mainboard,false,,,"","",24675,false,false,"Dany Orizio"
"Rite of Flame",1,"Sorcery",R,"csp","96",common,null,Owned,Non-foil,mainboard,false,,,"","",24675,false,false,"Dany Orizio"
"Rite of Flame",1,"Sorcery",R,"csp","96",common,null,Owned,Non-foil,mainboard,false,,,"","",24675,false,false,"Dany Orizio"
"Rite of Flame",1,"Sorcery",R,"csp","96",common,null,Owned,Non-foil,mainboard,false,,,"","",24675,false,false,"Dany Orizio"
"Rite of Flame",1,"Sorcery",R,"csp","96",common,null,Owned,Non-foil,mainboard,false,,,"","",24675,false,false,"Dany Orizio"
"Rite of Flame",1,"Sorcery",R,"csp","96",common,null,Owned,Non-foil,mainboard,false,,,"","",24675,false,false,"Dany Orizio"
"Rite of Flame",1,"Sorcery",R,"csp","96",common,null,Owned,Non-foil,mainboard,false,,,"","",24675,false,false,"Dany Orizio"
"Rite of Flame",1,"Sorcery",R,"csp","96",common,null,Owned,Non-foil,mainboard,false,,,"","",24675,false,false,"Dany Orizio"
"Rite of Flame",1,"Sorcery",R,"csp","96",common,null,Owned,Non-foil,mainboard,false,,,"","",24675,false,false,"Dany Orizio"
"Umezawa's Jitte",2,"Legendary Artifact - Equipment",,"bok","163",rare,null,Owned,Non-foil,mainboard,false,,,"","",21603,false,false,"Christopher Moeller"
"Calamity, Galloping Inferno",6,"Legendary Creature - Horse Mount",R,"otj","116",rare,null,Owned,Non-foil,mainboard,false,,,"","",124143,false,false,"Artur Nakhodkin"
"Flash Thompson, Spider-Fan",2,"Legendary Creature - Human Citizen",W,"spm","7",uncommon,null,Owned,Non-foil,mainboard,false,,,"","",153247,false,false,"Gal Or"
"Yume, Chronicler of Valor",2,"Legendary Creature - Human Druid",W,"mbc","6",rare,null,Proxied,Non-foil,mainboard,false,,,"","",-1,false,false,"Hendry Iwanaga"
"Heliod, Sun-Crowned",3,"Legendary Enchantment Creature - God",W,"cmm","29",mythic,null,Owned,Non-foil,mainboard,false,,,"","",115157,false,false,"Lius Lasahido"
"Aven Mindcensor",3,"Creature - Bird Wizard",W,"akh","5",rare,null,Owned,Non-foil,mainboard,false,,,"","",63612,false,false,"Eric Deschamps"
"Rosie Cotton of South Lane",3,"Legendary Creature - Halfling Peasant",W,"ltr","27",uncommon,null,Owned,Non-foil,mainboard,false,,,"","",111964,false,false,"Claudiu-Antoniu Magherusan"
"Mangara, the Diplomat",4,"Legendary Creature - Human Cleric",W,"cmm","42",rare,null,Owned,Non-foil,mainboard,false,,,"","",115183,false,false,"Howard Lyon"
"Thalia, the Survivor",4,"Legendary Creature - Human Soldier",W,"fra","205",uncommon,null,Proxied,Non-foil,mainboard,false,,,"","",-1,false,false,"Ryan Pancoast"
"Prophesied End",2,"Instant",W,"fra","17",uncommon,null,Proxied,Non-foil,mainboard,false,,,"","",-1,false,false,"A. M. Sartor"
"Smuggler's Share",3,"Enchantment",W,"mkc","84",rare,null,Owned,Non-foil,mainboard,false,,,"","",122308,false,false,"Aaron Miller"
"Idyllic Tutor",3,"Sorcery",W,"spg","129",mythic,null,Owned,Non-foil,mainboard,false,,,"","",147207,false,false,"Ryan Riller"
"Search for Glory",3,"Snow Sorcery",W,"khm","27",rare,null,Owned,Non-foil,mainboard,false,,,"","",87377,false,false,"Kieran Yanner"
"Cleansing Nova",5,"Sorcery",W,"cmm","817",rare,null,Owned,Non-foil,mainboard,false,,,"","",113975,false,false,"Marta Nael"
"Sublime Exhalation",7,"Sorcery",W,"cmm","60",rare,null,Owned,Non-foil,mainboard,false,,,"","",115219,false,false,"Lake Hurwitz"
"Vanquish the Horde",8,"Sorcery",W,"mid","41",rare,null,Owned,Non-foil,mainboard,false,,,"","",93012,false,false,"Grzegorz Rutkowski"
"The Seriema",3,"Legendary Artifact - Spacecraft",W,"eoe","35",rare,null,Owned,Non-foil,mainboard,false,,,"","",142683,false,false,"Sergey Glushakov"
"The Arkenstone",5,"Legendary Artifact",,"hob","170",mythic,null,Owned,Non-foil,mainboard,false,,,"","",154280,false,false,"Gaboleps"
"Aphetto Alchemist",2,"Creature - Human Wizard",U,"ons","64",uncommon,null,Owned,Non-foil,mainboard,false,,,"","",17817,false,false,"Ron Spears"
"Oboro Breezecaller",2,"Creature - Moonfolk Wizard",U,"sok","48",common,null,Owned,Non-foil,mainboard,false,,,"","",22184,false,false,"Rebecca Guay"
"Laboratory Maniac",3,"Creature - Human Wizard",U,"inr","71",uncommon,null,Owned,Non-foil,mainboard,false,,,"","",135522,false,false,"Jason Felix"
"Pensive Professor",3,"Creature - Human Wizard",U,"sos","63",rare,null,Owned,Non-foil,mainboard,false,,,"","",149625,false,false,"Billy Christian"
"High Fae Trickster",4,"Creature - Faerie Wizard",U,"fdn","40",rare,null,Owned,Non-foil,mainboard,false,,,"","",133648,false,false,"Justyna Dura"
"Johnny, Combo Player",4,"Legendary Creature - Human Gamer",U,"unh","35",rare,null,Owned,Non-foil,mainboard,false,,,"","",-1,false,false,"Kensuke Okabayashi"
"Iron Man, Armored Avenger",4,"Legendary Artifact Creature - Human Hero",U,"msc","33",rare,null,Owned,Non-foil,mainboard,false,,,"","",150505,false,false,"Carlos Dattoli"
"Lyla, Holographic Assistant",4,"Legendary Artifact Creature - Illusion Advisor",U,"spe","7",uncommon,null,Owned,Foil,mainboard,false,,,"","",-1,false,false,"Nereida"
"Twenty-Toed Toad",4,"Creature - Frog Wizard",U,"blc","16",rare,null,Owned,Non-foil,mainboard,false,,,"","",128931,false,false,"Steve Prescott"
"Emeritus of Ideation",5,"Creature - Human Wizard",U,"sos","45",mythic,null,Owned,Non-foil,mainboard,false,,,"","",149589,false,false,"Evyn Fong"
"Teferi, Mage of Zhalfir",5,"Legendary Creature - Human Wizard",U,"tsr","91",mythic,null,Owned,Non-foil,mainboard,false,,,"","",86545,false,false,"D. Alexander Gregory & Jeremy Jarvis"
"The Unagi of Kyoshi Island",5,"Legendary Creature - Serpent",U,"tla","77",rare,null,Owned,Non-foil,mainboard,false,,,"","",144634,false,false,"Miho Midorikawa"
"The Theorist, Jace Beleren",4,"Legendary Planeswalker - Jace",U,"fra","43",mythic,null,Proxied,Non-foil,mainboard,false,,,"","",-1,false,false,"Ekaterina Burmak"
"Sudden Substitution",4,"Instant",U,"c19","11",rare,null,Proxied,Non-foil,mainboard,false,,,"","",77076,false,false,"Noah Bradley"
"Commandeer",7,"Instant",U,"csp","29",rare,null,Owned,Non-foil,mainboard,false,,,"","",24717,false,false,"John Matson"
"Freed from the Real",3,"Enchantment - Aura",U,"sok","38",common,null,Owned,Non-foil,mainboard,false,,,"","",22156,false,false,"Scott M. Fischer"
"Mirrormade",3,"Enchantment",U,"eld","55",rare,null,Owned,Non-foil,mainboard,false,,,"","",78220,false,false,"Volkan Baǵa"
"Harbinger of the Seas",3,"Creature - Merfolk Wizard",U,"mh3","63",rare,null,Owned,Non-foil,mainboard,false,,,"","",126143,false,false,"Winona Nelson"
"Solve the Equation",3,"Sorcery",U,"stx","54",uncommon,null,Owned,Non-foil,mainboard,false,,,"","",88585,false,false,"Lie Setiawan"
"Enduring Tenacity",4,"Enchantment Creature - Snake Glimmer",B,"dsk","95",rare,null,Owned,Non-foil,mainboard,false,,,"","",130321,false,false,"Isis"
"Bloodthirsty Conqueror",5,"Creature - Vampire Knight",B,"fdn","58",mythic,null,Proxied,Non-foil,mainboard,false,,,"","",133684,false,false,"Dmitry Burmak"
"Mikaeus, the Unhallowed",6,"Legendary Creature - Zombie Cleric",B,"cmm","173",mythic,null,Owned,Non-foil,mainboard,false,,,"","",115445,false,false,"Chris Rahn"
"Garruk, Veiled Butcher",5,"Legendary Planeswalker - Garruk",B,"fra","229",mythic,null,Proxied,Non-foil,mainboard,false,,,"","",-1,false,false,"Victor Adame Minguez"
"Thomil, the Destroyer",5,"Legendary Planeswalker - Thomil",B,"mbc","19",rare,null,Proxied,Non-foil,mainboard,false,,,"","",-1,false,false,"Heonhwa"
"Scheming Symmetry",1,"Sorcery",B,"m20","113",rare,null,Proxied,Non-foil,mainboard,false,,,"","",73125,false,false,"Seb McKinnon"
"Exquisite Blood",5,"Enchantment",B,"lcc","195",rare,null,Proxied,Non-foil,mainboard,false,,,"","",118790,false,false,"Cynthia Sheppard"
"Sanguine Bond",5,"Enchantment",B,"c21","153",rare,null,Owned,Non-foil,mainboard,false,,,"","",89407,false,false,"Jaime Jones"
"Faerie Macabre",3,"Creature - Faerie Rogue",B,"shm","66",common,null,Owned,Non-foil,mainboard,false,,,"","",29647,false,false,"rk post"
"Poxwalkers",3,"Creature - Zombie",B,"40k","49",rare,null,Proxied,Non-foil,mainboard,false,,,"","",108570,false,false,"Games Workshop"
"Blasphemous Edict",5,"Sorcery",B,"fdn","57",rare,null,Owned,Foil,mainboard,false,,,"","",133682,false,false,"Andrew Mar"
"Goblin Engineer",2,"Creature - Goblin Artificer",R,"mh1","128",rare,null,Owned,Non-foil,mainboard,false,,,"","",72628,false,false,"Jehan Choo"
"Squee, the Immortal",3,"Legendary Creature - Goblin",R,"ncc","275",rare,null,Owned,Non-foil,mainboard,false,,,"","",-1,false,false,"Svetlin Velinov"
"Godo, Bandit Warlord",6,"Legendary Creature - Human Barbarian",R,"chk","169",rare,null,Owned,Non-foil,mainboard,false,,,"","",21195,false,false,"Paolo Parente"
"Craterclaw Colossus",7,"Artifact Creature - Beast Construct",R,"fra","78",mythic,null,Proxied,Non-foil,mainboard,false,,,"","",-1,false,false,"Mark Zug"
"Hawkeye's Bow",1,"Artifact - Equipment",R,"msh","132",common,null,Owned,Non-foil,mainboard,false,,,"","",152451,false,false,"Marc Aspinall"
"Twinshot Sniper",4,"Artifact Creature - Goblin Archer",R,"neo","168",uncommon,null,Owned,Non-foil,mainboard,false,,,"","",97270,false,false,"Brent Hollowell"
"Magus of the Moon",3,"Creature - Human Wizard",R,"ima","138",rare,null,Owned,Non-foil,mainboard,false,,,"","",66155,false,false,"Franz Vohwinkel"
"Smellerbee, Rebel Fighter",4,"Legendary Creature - Human Rebel Ally",R,"tle","125",rare,null,Owned,Non-foil,mainboard,false,,,"","",145648,false,false,"Enishi"
"Blasphemous Act",9,"Sorcery",R,"isd","130",rare,null,Owned,Non-foil,mainboard,false,,,"","",42410,false,false,"Daarken"
"Brotherhood's End",3,"Sorcery",R,"soa","104",rare,null,Owned,Non-foil,mainboard,false,,,"","",148515,false,false,"Sawaki Takeyasu"
"Basking Broodscale",2,"Creature - Eldrazi Lizard",,"mh3","145",common,null,Owned,Non-foil,mainboard,false,,,"","",126307,false,false,"Caio Monteiro"
"Seeker of Skybreak",2,"Creature - Elf",G,"7ed","268",common,null,Owned,Non-foil,mainboard,false,,,"","",15822,false,false,"Alex Horley-Orlandelli"
"Heartwood Storyteller",3,"Creature - Treefolk",G,"tsr","209",rare,null,Owned,Non-foil,mainboard,false,,,"","",86793,false,false,"Anthony S. Waters"
"Radagast of Rhosgobel",4,"Legendary Creature - Avatar Wizard",G,"hob","136",rare,null,Owned,Non-foil,mainboard,false,,,"","",154210,false,false,"Anna Podedworna"
"Ashaya, Soul of the Wild",5,"Legendary Creature - Elemental",G,"znr","358",mythic,null,Owned,Non-foil,mainboard,false,,,"","",-1,false,false,"Chase Stone"
"Garruk, Curse Breaker",5,"Legendary Planeswalker - Garruk",G,"fra","259",mythic,null,Proxied,Non-foil,mainboard,false,,,"","",-1,false,false,"Victor Adame Minguez"
"Tug of War",5,"Sorcery",G,"unf","159",mythic,null,Owned,Non-foil,mainboard,false,,,"","",-1,false,false,"Gaboleps"
"Cryptolith Rite",2,"Enchantment",G,"soi","200",rare,null,Owned,Non-foil,mainboard,false,,,"","",59792,false,false,"Zack Stella"
"Bear Umbra",4,"Enchantment - Aura",G,"roe","177",rare,null,Owned,Non-foil,mainboard,false,,,"","",36768,false,false,"Howard Lyon"
"Hermit Druid",2,"Creature - Human Druid",G,"inr","202",rare,null,Owned,Non-foil,mainboard,false,,,"","",135820,false,false,"Bryan Sola"
"Prosperous Innkeeper",2,"Creature - Halfling Citizen",G,"afr","200",uncommon,null,Owned,Non-foil,mainboard,false,,,"","",91902,false,false,"Eric Deschamps"
"Dosan the Falling Leaf",3,"Legendary Creature - Human Monk",G,"chk","205",rare,null,Proxied,Non-foil,mainboard,false,,,"","",21277,false,false,"Mark Zug"
"Tyvar, the Pummeler",3,"Legendary Creature - Elf Warrior",G,"dsk","202",mythic,null,Owned,Non-foil,mainboard,false,,,"","",130535,false,false,"Olivier Bernard"
"Scurry Oak",3,"Creature - Treefolk",G,"mh2","172",uncommon,null,Owned,Non-foil,mainboard,false,,,"","",90721,false,false,"Mark Zug"
"Pathbreaker Ibex",6,"Creature - Goat",G,"spg","91",mythic,null,Owned,Non-foil,mainboard,false,,,"","",137625,false,false,"Rocodrilo"
"Zopandrel, Hunger Dominus",7,"Legendary Creature - Phyrexian Horror",G,"one","195",mythic,null,Owned,Foil,mainboard,false,,,"","",106605,false,false,"Antonio José Manzanedo"
"Birthing Ritual",2,"Enchantment",G,"mh3","146",mythic,null,Owned,Non-foil,mainboard,false,,,"","",126309,false,false,"Drew Tucker"
"Dancing from Dark to Dawn",5,"Enchantment",G,"hob","267",mythic,null,Owned,Non-foil,mainboard,false,,,"","",-1,false,false,"Francisco Badilla"
"Waterlogged Teachings",4,"Instant",BU,"mh3","261",uncommon,null,Owned,Non-foil,mainboard,false,,,"","",126589,false,false,"Douglas Shuler"
"Murderous Redcap",4,"Creature - Goblin Assassin",BR,"uma","217",uncommon,null,Owned,Non-foil,mainboard,false,,,"","",70507,false,false,"Dave Allsop"
"Elda, Conjurer of Spectacle",4,"Legendary Creature - Human Wizard",GW,"mbc","37",rare,null,Proxied,Non-foil,mainboard,false,,,"","",-1,false,false,"Raluca Marinescu"
"Squall, SeeD Mercenary",4,"Legendary Creature - Human Knight Mercenary",BW,"fin","243",rare,null,Owned,Non-foil,mainboard,false,,,"","",141449,false,false,"Yuu Fujiki"
"Aurelia, the Warleader",6,"Legendary Creature - Angel",RW,"gtc","143",mythic,null,Owned,Non-foil,mainboard,false,,,"","",47743,false,false,"Slawomir Maniak"
"Mabel, Valley Hero",3,"Legendary Creature - Mouse Soldier",RW,"fra","274",uncommon,null,Proxied,Non-foil,mainboard,false,,,"","",-1,false,false,"Matt Stewart"
"Doppelgang",2,"Sorcery",GU,"mkm","198",rare,null,Owned,Non-foil,mainboard,false,,,"","",121870,false,false,"Chris Rallis"
"Vraska, Soul of Stone",3,"Legendary Creature - Gorgon Wizard",RUW,"fra","277",rare,null,Proxied,Non-foil,mainboard,false,,,"","",-1,false,false,"Kieran Yanner"
"Arzakon",5,"Legendary Planeswalker - Arzakon",BGRUW,"mbc","33",rare,null,Proxied,Non-foil,mainboard,false,,,"","",-1,false,false,"Alex Horley-Orlandelli"
"Colossal Skyturtle",7,"Enchantment Creature - Turtle",GU,"neo","216",uncommon,null,Owned,Non-foil,mainboard,false,,,"","",97378,false,false,"Nicholas Gregory"
"Karn, Argent Defender",2,"Legendary Artifact Creature - Golem",,"fra","279",rare,null,Proxied,Non-foil,mainboard,false,,,"","",-1,false,false,"Scott M. Fischer"
"Eternal Scourge",3,"Creature - Eldrazi Horror",,"emn","7",rare,null,Owned,Non-foil,mainboard,false,,,"","",61066,false,false,"Winona Nelson"
"Tormod's Crypt",0,"Artifact",,"m21","241",uncommon,null,Owned,Non-foil,mainboard,false,,,"","",81709,false,false,"Lars Grant-West"
"Ghost Vacuum",1,"Artifact",,"dsk","248",rare,null,Owned,Non-foil,mainboard,false,,,"","",130627,false,false,"David Szabo"
"Blade of the Bloodchief",1,"Artifact - Equipment",,"zen","196",rare,null,Owned,Non-foil,mainboard,false,,,"","",34698,false,false,"Jung Park"
"Grafdigger's Cage",1,"Artifact",,"mm3","221",rare,null,Owned,Non-foil,mainboard,false,,,"","",63349,false,false,"Daniel Ljunggren"
"Sword of Hearth and Home",3,"Artifact - Equipment",,"mh2","238",mythic,null,Owned,Non-foil,mainboard,false,,,"","",90857,false,false,"Chris Rahn"
"Umbral Mantle",3,"Artifact - Equipment",,"shm","267",uncommon,null,Owned,Non-foil,mainboard,false,,,"","",29639,false,false,"Richard Sardinha"
"Smokestack",4,"Artifact",,"usg","309",rare,null,Owned,Non-foil,mainboard,false,,,"","",12131,false,false,"Scott Kirschner"
"Mycosynth Lattice",6,"Artifact",,"p23","3",rare,null,Proxied,Non-foil,mainboard,false,,,"","",-1,false,false,"Anthony S. Waters & Cara Mitten"
"Advantageous Proclamation",0,"Conspiracy",,"cns","1",uncommon,null,Owned,Non-foil,mainboard,false,,,"","",-1,false,false,"Izzy"
"Hymn of the Wilds",0,"Conspiracy",,"cn2","7",mythic,null,Owned,Non-foil,mainboard,false,,,"","",-1,false,false,"Jason Rainville"
"Worldknit",0,"Conspiracy",,"cns","13",rare,null,Owned,Non-foil,mainboard,false,,,"","",-1,false,false,"Adam Paquette"
"Lavaspur Boots",1,"Artifact - Equipment",,"otj","243",uncommon,null,Owned,Non-foil,mainboard,false,,,"","",124397,false,false,"Mila Pesic"
"Damping Sphere",2,"Artifact",,"dmr","219",uncommon,null,Owned,Non-foil,mainboard,false,,,"","",107967,false,false,"Adam Paquette"
"Unicycle",2,"Artifact - Equipment Vehicle",,"cmb2","110",rare,null,Owned,Non-foil,mainboard,false,,,"","",-1,false,false,"Ari Nieh"
"Strionic Resonator",2,"Artifact",,"a25","232",rare,null,Owned,Non-foil,mainboard,false,,,"","",67378,false,false,"Noah Bradley"
"Illusionist's Bracers",2,"Artifact - Equipment",,"gtc","231",rare,null,Owned,Non-foil,mainboard,false,,,"","",47925,false,false,"Svetlin Velinov"
"Glacial Chasm",0,"Land",,"ice","353",uncommon,null,Proxied,Non-foil,mainboard,false,,,"","",-1,false,false,"Liz Danforth"
"Deep Gnome Terramancer",2,"Creature - Gnome Wizard",W,"clb","658",rare,null,Owned,Non-foil,mainboard,false,,,"","",101412,false,false,"David Sladek"
"Flickering Hound",4,"Creature - Dog",W,"fra","7",rare,null,Proxied,Non-foil,mainboard,false,,,"","",-1,false,false,"Chris Rahn"
"Samut, Tyrant of Naktamun",2,"Legendary Creature - Human Wizard",U,"fra","220",rare,null,Proxied,Non-foil,mainboard,false,,,"","",-1,false,false,"Grzegorz Rutkowski"
"Multiply by Zero",2,"Instant",B,"fra","58",uncommon,null,Proxied,Non-foil,mainboard,false,,,"","",-1,false,false,"Florian Herold"
"Samut, Hazoret's Champion",2,"Legendary Creature - Human Warrior Cleric",R,"fra","251",rare,null,Proxied,Non-foil,mainboard,false,,,"","",-1,false,false,"Grzegorz Rutkowski"
"Curse-Marred Demon",4,"Creature - Demon",R,"fra","79",rare,null,Proxied,Non-foil,mainboard,false,,,"","",-1,false,false,"Kev Walker"
"Pia, Aether Ascetic",3,"Legendary Creature - Human Druid",G,"fra","264",uncommon,null,Proxied,Non-foil,mainboard,false,,,"","",-1,false,false,"Andreas Zafiratos"
"Hall of Echoes",0,"Land",,"fra","179",rare,null,Proxied,Non-foil,mainboard,false,,,"","",-1,false,false,"Leon Tukker"
"Omnath, Locus of the Void",7,"Legendary Creature - Elemental",,"frc","3",rare,null,Proxied,Non-foil,mainboard,false,,,"","",-1,false,false,"Arif Wijaya"
"Niv-Mizzet, Ghost Counsel",6,"Legendary Creature - Spirit Dragon",BW,"frc","10",rare,null,Proxied,Non-foil,mainboard,false,,,"","",-1,false,false,"Brian Valeza"
"Jace, Multiverse Architect",5,"Legendary Planeswalker - Jace",BRUW,"frc","1",mythic,null,Proxied,Non-foil,mainboard,false,,,"","",-1,false,false,"Volkan Baǵa"
"Tam, the Possibility",3,"Legendary Creature - Gorgon Wizard",GU,"fra","276",rare,null,Proxied,Non-foil,mainboard,false,,,"","",-1,false,false,"Martina Fačková"
"Darksteel Angel",9,"Artifact Creature - Angel",,"frc","13",rare,null,Proxied,Non-foil,mainboard,false,,,"","",-1,false,false,"Chippy"
"Emrakul, the Exigent Doom",10,"Legendary Creature - Eldrazi",,"fra","1",mythic,null,Proxied,Non-foil,mainboard,false,,,"","",-1,false,false,"Cristi Balanescu"
"Fblthp, Impossibly Lost",2,"Legendary Creature - Homunculus",U,"fra","213",uncommon,null,Proxied,Non-foil,mainboard,false,,,"","",-1,false,false,"Simon Dominic"
"Withering Torment",3,"Instant",B,"dsk","313",uncommon,null,Owned,Non-foil,mainboard,false,,,"","",129881,false,false,"Ivan Shavrin"
"Sanctum Lurker",3,"Creature - Horror",B,"fra","64",rare,null,Proxied,Non-foil,mainboard,false,,,"","",-1,false,false,"Joshua Raphael"
"The Reality Chip",2,"Legendary Artifact Creature - Equipment Jellyfish",U,"neo","74",rare,null,Owned,Non-foil,mainboard,false,,,"","",97068,false,false,"Campbell White"
"Bilbo, Thief in the Night",2,"Legendary Creature - Halfling Rogue",U,"hob","255",mythic,null,Owned,Non-foil,mainboard,false,,,"","",-1,false,false,"Ashley Mackenzie"
